"キーCD","受注品番","サプライヤーコード","メーカー品番","メーカー名","商品の説明","メーカー品名","ブランド","シリーズ","規格コード","販売開始日","日本語表記"
"6300021216","6300021216","S115841770","HAC2031","HAC","●お湯の交換が不要な蓄熱充電式湯たんぽです。●約15分ほどコンセントに接続するだけで、湯たんぽをポカポカに温めます。●何度でも繰り返し使えて経済的です。●肌触りの良い専用ケースが付属で、就寝時や普段使いに便利なアイテムです。●オシャレで可愛い湯たんぽで、毎日ポカポカ快適です。","蓄熱充電式湯たんぽ　ヌックホット",,,"4580278059147",,"MRO"
"6300021217","6300021217","S115841770","HAC2991","HAC","●スマホでの動画視聴やウェブ会議に便利な卓上スマホスタンドです。●スタンドの伸縮をしたり、アームがフレキシブルに動くので、スマホの角度を様々な角度に調整できます。●6.5インチまでのスマホに対応しているので、デスクワークや動画視聴、SNS等の動画撮影にピッタリです。","卓上スマホスタンド",,,"4573110526853",,"MRO"
"6300021218","6300021218","S115841770","6300021218","ヒロ・コーポレーション","●接触式温度測定機能、血中酸素測定、血圧測定、心拍測定、睡眠モニター、カロリー計算などを1台で測定できるスマートウォッチになります。●健康管理に、iphone ios （ ヘルスケア）Android（Google Fit）アプリ連携可能です。","Ｓｍａｒｔ　Ｗａｔｃｈ　Ａｃｅ　Ｆｉｔ　",,,"4562350985186",,"MRO"
"6300021219","6300021219","S115841770","6300021219","トプラン","●すっきり折りたためる、ご家庭で簡単に「あったか足湯」が楽しめるヒーター付のバブルフットバスです。
●加湿機能で冷えやすい足先もポカポカ！ヒーターがあったかさをキープします。(最高温度43度)
●バブル機能で細かなバブルが足裏を刺激し気持ち良い足湯になります。
●収納時の厚さは8cmで、簡単にたためて場所取らず、なのにしっかり足湯できるたっぷり5Lの大容量です。
●1ボタンでスタート＆ストップの簡単操作です。
●一定水位がないと可動しない誤作動防止＆使用中の折りたたみを防ぐサポーター付きの安全機能付きです。","折りたたみリラックスフットバス",,,"4949176160858",,"MRO"
"6300021220","6300021220","S115841770","DLPW21182","ヒロ・コーポレーション","●ワンプッシュでシューっとナノミストが遠くまで届きます。
●300mlのアルコールや液体などが入れられる、ちょうど良いサイズのスプレーボトルです。
●除菌・掃除・美容など様々な用途でお使いいただけます。
●ストッパー付きなので液漏れ等も安心です。
●通常の水分子よりもさらに細かいナノミスト噴射です。
●アルコールや次亜塩素酸水を入れて除菌に、精製水等を入れて美容にお使いいただけます。
●学校・オフィス・店舗・ご家庭でお使いいただけます。","ハンドナノミストスプレー　ＤＬＰＷ２１１８２",,,"4562350982048",,"MRO"
"6300021027","6300021027","S115841770","SG10XC","SGバイオメディカル","●オゾンの力で生活環境を守る！ポータブル低濃度オゾン発生器です。●家の中、通勤時、オフィス、会議室、お店、車の中、外出先など人の出入りが気になる場所に置けます。
●オゾンの原料は空気のため面倒なフィルター交換は不要で、メンテナンスフリーです。●376gで持ち運び楽々、コンパクトサイズで場所を取らず外出先でも使用していただけます。●オゾン濃度を平均0.04ppmにキープ、オゾンの濃度に自動に調節し管理しています。

低濃度オゾンで人に優しい、エアガーディアンです。","低濃度オゾン発生器　エアガーディアン　ＳＧ１０ＸＣ（ＴｙｐｅＣ）　黒",,,"4580726530136",,"MRO"
"6300021028","6300021028","S115841770","SG10XB","SGバイオメディカル","●オゾンの力で生活環境を守る！ポータブル低濃度オゾン発生器です。●家の中、通勤時、オフィス、会議室、お店、車の中、外出先など人の出入りが気になる場所に置けます。
●オゾンの原料は空気のため面倒なフィルター交換は不要で、メンテナンスフリーです。●376gで持ち運び楽々、コンパクトサイズで場所を取らず外出先でも使用していただけます。●オゾン濃度を平均0.04ppmにキープ、オゾンの濃度に自動に調節し管理しています。

低濃度オゾンで人に優しい、エアガーディアンです。","低濃度オゾン発生器　エアガーディアン　ＳＧ１０ＸＢ（ＵＳＢ）　黒",,,"4580726530143",,"MRO"
"6300021029","6300021029","S115841770","SG6B","SGバイオメディカル","●オゾンの力で生活環境を守る！ポータブル低濃度オゾン発生器です。●家の中、通勤時、オフィス、会議室、お店、車の中、外出先など人の出入りが気になる場所に置けます。
●オゾンの原料は空気のため面倒なフィルター交換は不要で、メンテナンスフリーです。●330gで持ち運び楽々、コンパクトサイズで場所を取らず外出先でも使用していただけます。●オゾン濃度を平均0.04ppmにキープ、オゾンの濃度に自動に調節し管理しています。

低濃度オゾンで人に優しい、エアガーディアンです。","低濃度オゾン発生器　エアガーディアン　内蔵バッテリーなし　ＳＧ６Ｂ（ＵＳＢ）　ネイビー",,,"4580726530150",,"MRO"
"6300021050","6300021050","S115841770","6300021050","HOTPLUS","●ホットプラス「マルチウォームバッグ」は非常食、レトルト食品などの温めや カップ麺などの調理ができる、熱いお湯が沸かせるマルチバッグです。●ガス・電気不要です。●水を入れるだけで、どこでもアツアツの食事ができます。●食材や1.8Lまでの水を温められます。●一般社団法人防災安全協会の「防災製品等推奨品」に認定されています。●消防や医療、防災などの有識者や危機管理のプロフェッショナルから、災害時におけるホットプラスの必要性、安全性、優れた性能が高く評価されています。                                                                                                                                                                                                                                                                ","ホットプラス　マルチウォームバッグ発熱剤３個セット",,,"4589714650207",,"MRO"
"6300021051","6300021051","S115841770","6300021051","HOTPLUS","●ホットプラス専用発熱剤です。●備蓄などの長期保存にも安心の” 真空包装” を採用しております。
●5 年間の長期保存が可能です。","ホットプラス用　専用発熱剤　６０ｇ　",,,"4589714650191",,"MRO"
"6300021052","6300021052","S115841770","6300021052","HOTPLUS","●ホットプラス専用マルチウォームバッグとハンドルのセットです。●ホットプラスはハンドルで密開封するため、開封時のやけどの恐れが非常に低く、発熱層の蒸気も直接手に触れずとっても安心です。","ホットプラス用　マルチウォームバッグ＆ハンドル",,,"4589714650184",,"MRO"
"6300021198","6300021198","S115841770","6300021198","DRYTECH","●カビ・悪臭サヨナラ！ワイヤレスで繰返し使えるパワフルなミニ除湿消臭器です。●360度全面によるパワフル除湿消臭、水が出ず、縦に・横に・コンパクトに、どこでも置けて重宝です。
●乾湿状態を一目でお知らせいたします。●飽和状態でも電源に繋げば簡単に吸湿力復活！何度も使えて便利です。
●食品にも心配ない無害な素材を使用し買替いらずでゴミも出ず、お財布と地球にやさしくエコ商品です。","ワイヤレス　ミニ除湿消臭器　シルビア４０５",,,"4595122659015",,"MRO"
"6300021199","6300021199","S115841770","AP300","NIKKO","●ヘルメット装着して作業をされる方、暑さ対策を強いられる現場には必須商品です。●マジックテープで簡単！ヘルメットにワンタッチで取り付けできる汗取りパッドです。●中空の高吸収繊維により汗をすばやく吸収し、常にサラッとしたつけ心地です。
●洗って繰り返し使え、洗濯後も吸水力はほとんど変わらず経済的です。","ヘルメット用汗取りパッド　マジックテープ式",,,"4580646301816",,"MRO"
"6300021200","6300021200","S115841770","HK-5061-F","NIKKO","●綿100%の塗装服は、天然素材の快適な着心地です。●塗装作業やその他の汚れ作業に適しています。●洗濯して繰り返し使えるので経済的です。","綿ヤッケ　薄手　上下セット　ネイビー　ＨＫ－５０６１　Ｆ寸",,,"4520367301177",,"MRO"
"6300021201","6300021201","S115841770","HK-5061-O","NIKKO","●綿100%の塗装服は、天然素材の快適な着心地です。●塗装作業やその他の汚れ作業に適しています。●洗濯して繰り返し使えるので経済的です。","綿ヤッケ　薄手　上下セット　ネイビー　ＨＫ－５０６１　Ｏ寸",,,"4520367301184",,"MRO"
"6300021202","6300021202","S115841770","HK-506-F","NIKKO","●綿100%の塗装服は、天然素材の快適な着心地です。●塗装作業やその他の汚れ作業に適しています。","塗装服　綿１００％　ファスナー付ポケット　上下セット　ＨＫ－５０６　Ｆ寸",,,"4520367301078",,"MRO"
"6300021203","6300021203","S115841770","HK-506-O","NIKKO","●綿100%の塗装服は、天然素材の快適な着心地です。●塗装作業やその他の汚れ作業に適しています。","塗装服　綿１００％　ファスナー付ポケット　上下セット　ＨＫ－５０６　Ｏ寸",,,"4520367301085",,"MRO"
"6300021204","6300021204","S115841770","HK-502-F","NIKKO","●綿100%の塗装服は、天然素材の快適な着心地です。●塗装作業やその他の汚れ作業に適しています。","塗装服　薄綿　上下セット　ＨＫ－５０２　Ｆ寸",,,"4520367300071",,"MRO"
"6300021205","6300021205","S115841770","HK-502-O","NIKKO","●綿100%の塗装服は、天然素材の快適な着心地です。●塗装作業やその他の汚れ作業に適しています。","塗装服　薄綿　上下セット　ＨＫ－５０２　Ｏ寸",,,"4520367300088",,"MRO"
"6300021206","6300021206","S115841770","HDL-PLS001","ヒロ・コーポレーション","●水回りをピッカピカに、電動パワーで威力を発揮します。
●生活防水IPX5、アタッチメントが3種類付、場所や用途にあわせて使い分けできます。
●収納に便利な壁掛けフック付きです。
電池式コードレスなのでお手軽♪とても軽くて掃除がしやすい","電動ハンディポリッシャー　ＨＤＬ－ＰＬＳ００１",,,"4562350984769",,"MRO"
"6300021207","6300021207","S115841770","PR-104","ヒロ・コーポレーション","●充電式でコードレスなのでどこでも使えて便利です。
●ウォッシャブル仕様で水で洗えて使った後のお手入れも楽々です。
●セラミックコート刃使用できれいな仕上がりになります。
●10段階刈り高調整2アタッチメント付です。","ウォッシャブル充電式バリカン　ＰＲ－１０４",,,"4562351024846",,"MRO"
"6300021208","6300021208","S115841770","RS-E1628","レッドスパイス","●手をかざすだけで自然に開く、便利なセンサー式ゴミ箱！自動で閉まる便利な機能付きです。
●縦横17cm、高さ13.5cmのコンパクトサイズなのに、しっかり入る4Lサイズです。
●車内に、ベッドに、キッチンに、デスクに、様々な場所でお使いいただけます。
●ゴミ箱として使わずに小物入れとして使うことも、調味料や化粧品を入れれば、汚れた手で蓋に触れる必要なく取り出すことができます。
さらに、料理中にゴミ箱の口を開けっぱなしにしておきたいときはボタンを押すだけで開き状態を保つことも可能です。","センサー式ごみ箱４Ｌ　ＲＳ－Ｅ１６２８",,,"4582548298287",,"MRO"
"6300021209","6300021209","S115841770","HAC2892","HAC","●網を置いてBBQコンロにしたり、網を外して焚き火台にしたり、様々なアウトドアシーンに便利な焚き火グリルです。●クロス型をした焼き網の設置方法で、コンロの隅から炭の調整がしやすくなっております。●持ち運びに便利な収納バッグ付属で持ち運びも楽々です。","アウトドア焚き火グリル",,,"4573110525870",,"MRO"
"6300021210","6300021210","S115841770","HAC2893","HAC","●安定感抜群のピラミッド型バーベキューグリルです。●焼き網付きですぐにBBQを楽しめます。●焼き網を外して焚き火台として使用できるので、キャンプ場で大活躍です。●折りたたみ式でフラットに収納可能です。●持ち運びに便利な収納バッグ付きです。","折りたたみＢＢＱグリル",,,"4573110525887",,"MRO"
"6300021211","6300021211","S115841770","HAC2970","HAC","●焚き火・火起こしができる2WAY式コンロです。●ミニサイズの焼き網付きでBBQも楽しめます。●煙突効果で燃焼効率がUP！燃料の投入口の開閉ができるので、火加減の微調整が可能です。●収納バッグ付きで携帯製が抜群です。","焚き火＆ミニグリル",,,"4573110526655",,"MRO"
"6300021213","6300021213","S115841770","HAC1006","HAC","●洋服や手を汚さず、何度も繰り返し遊べるお絵かきボードです。●自由自在に絵を描いて、ハート型やほし型など4種類の可愛いスタンプ付きです。●大画面で描きやすく、マグネットペンは紐付きで無くしにくいです。●小さなお子様でも安心して遊べます。","カラフルお絵かきボード",,,"4580278050588",,"MRO"
"6300021214","6300021214","S115841770","HAC2869","HAC","●アルファベットや数字のマグネットを貼り付けて学習したり、ホワイトボードに楽しくお絵描きできます。●ブラックボードも付属しているのでチョークで落書きもできます。●持ち運び可能なケースに収納できるので片付けが楽々です。●お父さんやお母さんや先生と一緒に、楽しみながら英語や数字を学習できます。","２ｉｎ１お絵かきボード",,,"4573110525672",,"MRO"
"6300021886","6300021886","S115841770","9138","結一産業","お好みの長さにカットして使用できる仮排水用の簡易ホースなどに使用できます。長尺製品の梱包や保護にも使用して頂けます。","ポリチューブ　０．１ｘ１５０ｍｍｘ５０ｍ　１２巻セット（９１３８）",,,"4580646308075",,"MRO"
"6300021887","6300021887","S115841770","9139","結一産業","お好みの長さにカットして使用できる仮排水用の簡易ホースなどに使用できます。長尺製品の梱包や保護にも使用して頂けます。","ポリチューブ　０．１ｘ２００ｍｍｘ５０ｍ　６巻セット（９１３９）",,,"4580646308082",,"MRO"
"6300021888","6300021888","S115841770","9140","結一産業","お好みの長さにカットして使用できる仮排水用の簡易ホースなどに使用できます。長尺製品の梱包や保護にも使用して頂けます。","ポリチューブ　０．１ｘ２５０ｍｍｘ５０ｍ　６巻セット（９１４０）",,,"4580646308099",,"MRO"
"6300021889","6300021889","S115841770","9141","結一産業","お好みの長さにカットして使用できる仮排水用の簡易ホースなどに使用できます。長尺製品の梱包や保護にも使用して頂けます。","ポリチューブ　０．１ｘ３００ｍｍｘ５０ｍ　６巻セット（９１４１）",,,"4580646308105",,"MRO"
"6300021890","6300021890","S115841770","9142","結一産業","お好みの長さにカットして使用できる仮排水用の簡易ホースなどに使用できます。長尺製品の梱包や保護にも使用して頂けます。","ポリチューブ　０．１ｘ３５０ｍｍｘ５０ｍ　６巻セット（９１４２）",,,"4580646308112",,"MRO"
"6300021885","6300021885","S115841770","DS-011","レッドスパイス","両面加熱仕様のあったかいバッテリーで、繰り返し使用できる「あったか充電式カイロ」になります。温度と容量が見えるインジケーター付きで、45～55℃の3段階調整できます。モバイルバッテリーとしても使用できる2Way仕様になります。","あったか充電カイロ　グリーン　ＤＳ－０１１",,,"4582548285522",,"MRO"
"6300021891","6300021891","S115841770","9143","結一産業","お好みの長さにカットして使用できる仮排水用の簡易ホースなどに使用できます。長尺製品の梱包や保護にも使用して頂けます。","ポリチューブ　０．１ｘ５５０ｍｍｘ５０ｍ　２巻セット（９１４３）",,,"4580646308129",,"MRO"
"6300021892","6300021892","S115841770","s-3s2","結一産業","ステンレス製で雪・雨などで回転部が錆びにくく、寒冷地でも長期使用できるようにした吹き流し本体のからまりを防止するための回転式の金具です。また、ステンレスと鉄を組合せることでコストパフォーマンスにも優れている商品になりました。48.6φ単管に使用可能です。","吹き流しＫＩＮＧ（金具）　ｓ－３ｓ２",,,"4580646308136",,"MRO"
"6300021893","6300021893","S115841770","1003","結一産業","シート設置の手間を少しでも減らす為に紐付になったフェンス用の目隠しシートになります。安全第一の文字が印刷されています。","フェンスシート紐付　安全第一　５０枚セット　１００３",,,"4580646308143",,"MRO"
"6300021894","6300021894","S115841770","1004","結一産業","シート設置の手間を少しでも減らす為に紐付になったフェンス用の目隠しシートになります。無地タイプになります。","フェンスシート紐付　無地　５０枚セット　１００４",,,"4580646308150",,"MRO"
"6300021895","6300021895","S115841770","4261","結一産業","現場社旗・安全旗を取り付けるための道具セットになります。工事現場や各種イベントに採用されています。単管48.6Φ対応タイプになります。滑車可動タイプのためロープが風の摩擦で切れにくくなっています。","ＰＫＲセット（プーリキャップ・クリート・ロープ）　４２６１",,,"4580646308167",,"MRO"
"6300021221","6300021221","S115841770","OY-FF60-S","フジファインズ","必要なのは水道水だけで、簡単にオゾン水をつくれます。最短60秒でオゾン水を生成する携帯型スプレーで、持ち運びしやすいタンブラータイプです。残留物がゼロなので安心して使用頂けます。食品や食器からテーブル、ドアノブから、人体にも影響なく、あらゆるものに使用可能で除菌消臭が行えます。                                                                                                                                                                                                                                                                ","マルチオゾンボトル＆スプレーＲ　ＯＹ－ＦＦ６０－Ｓ",,,"4573467260134",,"MRO"
"6300021222","6300021222","S115841770","OY-FF62-B","フジファインズ","必要なのは水道水だけで、簡単にオゾン水をつくれます。最短210秒で業界最高4.2ppmのオゾン水を生成します。シャワーミストタイプで超微細ミストが広範囲に連続で噴霧可能です。残留物がゼロなので安心して使用頂けます。食品や食器からテーブル、ドアノブから、人体にも影響なく、あらゆるものに使用可能で除菌消臭が行えます。","マルチオゾンボトル＆スプレーＰｒｏ　ＯＹ－ＦＦ６２－Ｂ",,,"4573467260172",,"MRO"
"6300021223","6300021223","S115841770","OY-FF90-A","フジファインズ","高純度オゾンと加湿機能で除菌消臭を行います。フジファインズ独自技術でヒト・モノに無害且つ独特のニオイを抑えたオゾンを生成します。勤務中のオフィスや使用後の会議室など、状況に応じて空間除菌モードを選べます。8～32畳までの空間に対応しております。床・テーブル・イスなどの付着菌もオゾンで除菌するので、アルコール消毒不要です。加湿機能も搭載しており、オールシーズンに対応できます。メンテナンスはフィルター交換のみで、日々のクリーニングは必要ありません。","オゾン除菌加湿器　Ｏ３Ｍａｘ　Ａｉｒ　ＯＹ－ＦＦ９０－Ａ",,,"4573467260288",,"MRO"
"6300021224","6300021224","S115841770","OY-FF90-S","フジファインズ","オゾン除菌加湿器 O3MAX Air専用のオゾン発生セルです。","Ｏ３Ｍａｘ　Ａｉｒセル　ＯＹ－ＦＦ９０－Ｓ",,,"4573467260332",,"MRO"
"6300021225","6300021225","S115841770","OY-FF90-SF","フジファインズ","オゾン除菌加湿器 O3MAX Air専用の精製水フィルターです。","Ｏ３Ｍａｘ　Ａｉｒ精製水フィルター　ＯＹ－ＦＦ９０－ＳＦ",,,"4573467260318",,"MRO"
"6300021226","6300021226","S115841770","OY-FF90-AF","フジファインズ","オゾン除菌加湿器 O3MAX Air専用のエアフィルターです。","Ｏ３Ｍａｘ　Ａｉｒエアフィルター　ＯＹ－ＦＦ９０－ＡＦ",,,"4573467260325",,"MRO"
"6300021227","6300021227","S115841770","JVC-AD2LT","ジェイウィン","手をかざすとセンサーが反応して自動でアルコールを噴射します。アルコール噴射と同時に温度測定が可能です。警告温度37.4℃～37.9℃でディスプレイ上のライト黄色に点滅しアラーム音が二回なります。異常温度38℃～42℃でデイスプレイ上のライトが赤く点滅を繰り返しアラーム音が5秒間続きます。","温度計付き大容量オートディスペンサー　ＪＶＣ－ＡＤ２ＬＴ",,,"4580646301823",,"MRO"
"6300021228","6300021228","S115841770","JVC-ST","ジェイウィン","深皿でボトルがズレ落ちない台座になっています。消毒液など置いて使用します。","アルコール除菌剤用スタンド　ＪＶＣ－ＳＴ",,,"4580646301830",,"MRO"
"6300021229","6300021229","S115841770","JVC-ST3","ジェイウィン","足踏み式のスタンドで、消毒液などを設置して使用します。","アルコール除菌剤用スタンド（足踏み式）　ＪＶＣ－ＳＴ３",,,"4580646301847",,"MRO"
"6300021230","6300021230","S115841770","JVC-VH100","ジェイウィン","持ち運びに便利なベルトホルダーで、清掃時などの消毒液などの持ち運びに使用します。","ベルトホルダー　１００ｍＬ用　ＪＶＣ－ＶＨ１００",,,"4580646301854",,"MRO"
"6300021231","6300021231","S115841770","JVC-VH500","ジェイウィン","持ち運びに便利なベルトホルダーで、清掃時などの消毒液などの持ち運びに使用します。","ベルトホルダー　５００ｍＬ用　ＪＶＣ－ＶＨ５００",,,"4580646301861",,"MRO"
"6300021232","6300021232","S115841770","JVC-ON01","ジェイウィン","使い捨てマスクの内側に押し込む事でマスクがヒンヤリします。生地を水に濡らして使用すると冷感効果がアップします。マスク内のニオイを強力脱臭、繰り返し洗って使用できるので経済的です。","シリカクリンオクタゴン（八角形）シート　ＪＶＣ－OＮ０１",,,"4580646301878",,"MRO"
"6300021233","6300021233","S115841770","JVC-JPD","ジェイウィン","止血剤を使わず、ガーゼに比べて迅速な止血が可能です。止血部分に当てて固定すだけなので専門知識が要らない簡単な取扱いです。傷口に血餅を生じさせ止血する、ユニークな３層構造で、防水性バックシートにより二次感染リスクを軽減します。避難用備蓄品としてもご活用ください。","救急止血パッド（Ｊ・ＰＡＤ）　ＪＶＣ－ＪＰＤ",,,"4580646301885",,"MRO"
"6300021234","6300021234","S115841770","IRI-s","ジェイウィン","曇らない、軽い、高いフィット感の保護メガネです。ノーズパッドが、前後、左右上下に動かせます。テンプルの角度が調節可能です。","保護メガネ　ボレーセフティ　ＩＲＩ－ｓ",,,"4580646301892",,"MRO"
"6300021235","6300021235","S115841770","OVERLIGHT2","ジェイウィン","曇らない、軽い、高いフィット感の保護メガネです。メガネの上から装着可能で、横の視界を妨げないデザインになっています。","保護メガネ　ボレーセフティ　ＯＶＥＲＬＩＧＨＴ２",,,"4580646301908",,"MRO"
"6300021236","6300021236","S115841770","STORM","ジェイウィン","曇らない、軽い、高いフィット感の保護メガネです。足元の視界を妨げないデザインで、メガネの上から装着可能です。","保護メガネ　ボレーセフティ　ＳＴＯＲＭ",,,"4580646301915",,"MRO"
"6300021237","6300021237","S115841770","G15","ジェイウィン","無気孔タイプで、使い捨て仕様になります。メガネの上から装着可能です。","無気孔ゴーグル　ボレーセフティ　Ｇ１５",,,"4580646301922",,"MRO"
"6300021238","6300021238","S115841770","JVC-AD3T","ジェイウィン","0.5秒で瞬時に表面温度を測定します。ワンアクションでアルコール除菌と温度測定が可能です。非接触対応のセンサー感知オートディスペンサーで、手をかざすと適量の除菌剤が霧状に噴射されます。","温度計付きオートディスペンサー　ＪＶＣ－ＡＤ３Ｔ",,,"4580646301939",,"MRO"
"6300021266","6300021266","S115841770","404-3010","ランドアート","草刈り時の飛散物から目を保護します。メガネを装着したままで使用できます。","防塵ゴーグル（ラバーゴムひも仕様）　４０４－３０１０",,,"4580646301946",,"MRO"
"6300021267","6300021267","S115841770","570-4251","ランドアート","シンプル構造で設置も簡単な餌吊式の小動物用の捕獲機になります。","害獣捕獲機Ｍ型　餌吊式（タヌキ、ネコなど）　５７０－４２５１",,,"4580646301953",,"MRO"
"6300021268","6300021268","S115841770","570-4253","ランドアート","設置が簡単な小動物用の捕獲機になります。餌吊式と違い、小さなエサも配置できる踏板式になります。","害獣捕獲機Ｍ型　踏板式（タヌキ、ネコなど）　５７０－４２５３",,,"4580646301960",,"MRO"
"6300021269","6300021269","S115841770","6300021269","ランドアート","鳥がおびえる本物の鳴き声や、電子音を収録した鳥害対策用品になります。慣れを防ぐ為、30秒～30分の運転間隔設定が可能です。吊るすだけの簡単設置で鳥を追い払います。6種類の音声パターンを内蔵しています。","鳥害対策トリサッタ　ＡＣ電源セット",,,"4580646301977",,"MRO"
"6300021272","6300021272","S115841770","403-3242","ランドアート","マジックテープで簡単に装着可能なスパイクになります。斜面での作業時の足元の滑りを軽減します。マジックテープで簡単に装着でき、8本の爪が草地にガッチリ食い込みます。錆に強いステンレス製スパイクです。","草刈スパイク　４０３－３２４２",,,"4580646302004",,"MRO"
"6300021273","6300021273","S115841770","570-1800","ランドアート","ウルフピーを入れて吊るしておく容器になります。6個入になります。3～6ｍの間隔をあけて、30～60cmの高さに設置します。","獣害対策ウルフピー用　３３日ディスペンサー　６個入　５７０－１８００",,,"4582309497126",,"MRO"
"6300021274","6300021274","S115841770","570-1801","ランドアート","獣害対策で天敵を嫌がる動物の習性を利用した、オオカミの尿100％の動物よけリキッドになります。専用のディスペンサー（別売）にいれて使用します。","獣害対策ウルフピー　３４０ｇ　５７０－１８０１",,,"4580228140031",,"MRO"
"6300021880","6300021880","S115841770","6300021880","関西パテ化工","すべり止めコートの接着性を向上させるための下地調整プライマーになります。","Ｍプライマー　１ｋｇ入り",,,"4580646308068",,"MRO"
"6300021881","6300021881","S115841770","RS-E1747","レッドスパイス","左右首振り、ヘッド可動式のサーキュレーターになります。扇風機や冷暖房の循環、部屋の換気などにご使用頂けます。風量は強中弱の3段階調節でタッチパネルと付属のリモコンで操作可能です。上下90度の手動可動、左右80度の自動首振りが可能です。","サーキュレーター　ＲＳ－Ｅ１７４７",,,"4582548301192",,"MRO"
"6300021882","6300021882","S115841770","870901","成尾竹芸社","日本産の自然素材である薩摩孟宗竹を使用したイボ付き足踏竹になります。余分なエネルギーを使わないエコな健康法で、つま先、土踏まず、かかとなどで踏み分けて使用してください。","健康足踏み竹",,,"4964934836059",,"MRO"
"6300021883","6300021883","S115841770","870429","ゴトウ","スチール、カーペット、プラスチック、木材など、色々な材質のものを切ることができます。処理に手こずっていたものも細かく解体して普通のゴミとして出す事もできます。刃の角度を3段階に調節できます。","解体ノコギリ　ニュースパッとソー",,,"4964934836615",,"MRO"
"6300021884","6300021884","S115841770","8704761","ゴトウ","洗濯時に一緒に入れて洗うだけで衣類や洗濯槽を除菌、消臭する事ができます。また洗濯槽内の水がマグネシウムにより弱アルカリ化する事で通常より汚れが落ちやすくなります。部屋干しした時のいやな生乾き臭や洗濯槽のカビの発生などを抑え綺麗で衛生的な洗濯を実現します。","マグネシウムパワー　ココマグ　ブルー",,,"4964934836998",,"MRO"
"4901755209525","4901755209525","S110521770","002122988","HEIKO","一般的な厚み5mm厚ダンボールより20%薄く、在庫スペースの削減が可能。多用途にお使いいただけます。","段ボール B4用-240 4mm厚 無地",,,"4901755209525",,"MRO"
"4901755459357","4901755459357","S110521770","006905501","HEIKO","生物由来の有機資源を原料としたバイオマス成分を２５％含んだレジ袋です。ナチュラルでシンプルな仏語の落ち着きのあるデザイン。バイオマスマーク取得済みで、「プラスチック製買物袋有料化制度」の対象外とすることが可能です。主原料のサトウキビは、育成時に光合成をして大気中のＣＯ２を吸収するため、石油化学由来の原料と比較すると大幅なＣＯ２の削減に貢献します。買い物客に有償でお渡しすることも考慮し、本体１枚１枚にパッケージとは異なるＪＡＮコードを印字してあります。●片面印刷●ハンガータイプ","レジ袋 バイオハンドハイパー M シュエット",,,"4901755459357",,"MRO"
"4901755459364","4901755459364","S110521770","006905502","HEIKO","生物由来の有機資源を原料としたバイオマス成分を２５％含んだレジ袋です。ナチュラルでシンプルな仏語の落ち着きのあるデザイン。バイオマスマーク取得済みで、「プラスチック製買物袋有料化制度」の対象外とすることが可能です。主原料のサトウキビは、育成時に光合成をして大気中のＣＯ２を吸収するため、石油化学由来の原料と比較すると大幅なＣＯ２の削減に貢献します。買い物客に有償でお渡しすることも考慮し、本体１枚１枚にパッケージとは異なるＪＡＮコードを印字してあります。●片面印刷●ハンガータイプ","レジ袋 バイオハンドハイパー L シュエット",,,"4901755459364",,"MRO"
"4901755459432","4901755459432","S110521770","006905530","HEIKO","生物由来の有機資源を原料としたバイオマス成分を２５％含んだレジ袋です。ピンク地に茶色の小さなウサギがたくさん遊んでいる可愛らしいデザイン。バイオマスマーク取得済みで、「プラスチック製買物袋有料化制度」の対象外とすることが可能です。主原料のサトウキビは、育成時に光合成をして大気中のＣＯ２を吸収するため、石油化学由来の原料と比較すると大幅なＣＯ２の削減に貢献します。買い物客に有償でお渡しすることも考慮し、本体１枚１枚にパッケージとは異なるＪＡＮコードを印字してあります。","レジ袋 バイオハンドハイパー S 花うさぎ桃",,,"4901755459432",,"MRO"
"4901755459449","4901755459449","S110521770","006905531","HEIKO","生物由来の有機資源を原料としたバイオマス成分を２５％含んだレジ袋です。ピンク地に茶色の小さなウサギがたくさん遊んでいる可愛らしいデザイン。バイオマスマーク取得済みで、「プラスチック製買物袋有料化制度」の対象外とすることが可能です。主原料のサトウキビは、育成時に光合成をして大気中のＣＯ２を吸収するため、石油化学由来の原料と比較すると大幅なＣＯ２の削減に貢献します。買い物客に有償でお渡しすることも考慮し、本体１枚１枚にパッケージとは異なるＪＡＮコードを印字してあります。","レジ袋 バイオハンドハイパー M 花うさぎ桃",,,"4901755459449",,"MRO"
"4901755459456","4901755459456","S110521770","006905532","HEIKO","生物由来の有機資源を原料としたバイオマス成分を２５％含んだレジ袋です。ピンク地に茶色の小さなウサギがたくさん遊んでいる可愛らしいデザイン。バイオマスマーク取得済みで、「プラスチック製買物袋有料化制度」の対象外とすることが可能です。主原料のサトウキビは、育成時に光合成をして大気中のＣＯ２を吸収するため、石油化学由来の原料と比較すると大幅なＣＯ２の削減に貢献します。買い物客に有償でお渡しすることも考慮し、本体１枚１枚にパッケージとは異なるＪＡＮコードを印字してあります。","レジ袋 バイオハンドハイパー L 花うさぎ桃",,,"4901755459456",,"MRO"
"4901755459463","4901755459463","S110521770","006905540","HEIKO","生物由来の有機資源を原料としたバイオマス成分を２５％含んだレジ袋です。オリーブをモチーフにしたナチュラルテイストのデザイン。バイオマスマーク取得済みで、「プラスチック製買物袋有料化制度」の対象外とすることが可能です。主原料のサトウキビは、育成時に光合成をして大気中のＣＯ２を吸収するため、石油化学由来の原料と比較すると大幅なＣＯ２の削減に貢献します。買い物客に有償でお渡しすることも考慮し、本体１枚１枚にパッケージとは異なるＪＡＮコードを印字してあります。","レジ袋 バイオハンドハイパー S オリーブガーデン",,,"4901755459463",,"MRO"
"4901755459470","4901755459470","S110521770","006905541","HEIKO","生物由来の有機資源を原料としたバイオマス成分を２５％含んだレジ袋です。オリーブをモチーフにしたナチュラルテイストのデザイン。バイオマスマーク取得済みで、「プラスチック製買物袋有料化制度」の対象外とすることが可能です。主原料のサトウキビは、育成時に光合成をして大気中のＣＯ２を吸収するため、石油化学由来の原料と比較すると大幅なＣＯ２の削減に貢献します。買い物客に有償でお渡しすることも考慮し、本体１枚１枚にパッケージとは異なるＪＡＮコードを印字してあります。","レジ袋 バイオハンドハイパー M オリーブガーデン",,,"4901755459470",,"MRO"
"4901755209532","4901755209532","S110521770","002122989","HEIKO","一般的な厚み5mm厚ダンボールより20%薄く、在庫スペースの削減が可能。多用途にお使いいただけます。","段ボール B4用-280 4mm厚 無地",,,"4901755209532",,"MRO"
"4901755209556","4901755209556","S110521770","002122990","HEIKO","一般的な厚み5mm厚ダンボールより20%薄く、在庫スペースの削減が可能。多用途にお使いいただけます。","段ボール B4用-320 4mm厚 無地",,,"4901755209556",,"MRO"
"4901755209563","4901755209563","S110521770","002122991","HEIKO","一般的な厚み5mm厚ダンボールより20%薄く、在庫スペースの削減が可能。多用途にお使いいただけます。","段ボール A3用-190 4mm厚 無地",,,"4901755209563",,"MRO"
"4901755209587","4901755209587","S110521770","002122992","HEIKO","一般的な厚み5mm厚ダンボールより20%薄く、在庫スペースの削減が可能。多用途にお使いいただけます。","段ボール A3用-240 4mm厚 無地",,,"4901755209587",,"MRO"
"4901755209594","4901755209594","S110521770","002122993","HEIKO","一般的な厚み5mm厚ダンボールより20%薄く、在庫スペースの削減が可能。多用途にお使いいただけます。","段ボール A3用-280 4mm厚 無地",,,"4901755209594",,"MRO"
"4901755209648","4901755209648","S110521770","002122994","HEIKO","一般的な厚み5mm厚ダンボールより20%薄く、在庫スペースの削減が可能。多用途にお使いいただけます。","段ボール B3用-240 4mm厚 無地",,,"4901755209648",,"MRO"
"4547432009844","4547432009844","S110521770","006616615","SWAN","厚み25ミクロンのシリーズです。異物混入の対策に有効な青色です。吊り下げ用の紐は付いておりません。","LD規格ポリ袋  ポリエチレン袋 No.2515 紐なし ブルー",,,"4547432009844",,"MRO"
"4547432009240","4547432009240","S110521770","006616166","SWAN","厚み25ミクロンのシリーズです。吊り下げ用の紐は付いておりません。","LD規格ポリ袋  ポリエチレン袋 No.2506 紐なし ",,,"4547432009240",,"MRO"
"4547432009257","4547432009257","S110521770","006616167","SWAN","厚み25ミクロンのシリーズです。吊り下げ用の紐は付いておりません。","LD規格ポリ袋  ポリエチレン袋 No.2507 紐なし ",,,"4547432009257",,"MRO"
"4547432009264","4547432009264","S110521770","006616168","SWAN","厚み25ミクロンのシリーズです。吊り下げ用の紐は付いておりません。","LD規格ポリ袋  ポリエチレン袋 No.2508 紐なし ",,,"4547432009264",,"MRO"
"4547432009271","4547432009271","S110521770","006616169","SWAN","厚み25ミクロンのシリーズです。吊り下げ用の紐は付いておりません。","LD規格ポリ袋  ポリエチレン袋 No.2509 紐なし ",,,"4547432009271",,"MRO"
"4547432009288","4547432009288","S110521770","006616170","SWAN","厚み25ミクロンのシリーズです。吊り下げ用の紐は付いておりません。","LD規格ポリ袋  ポリエチレン袋 No.2510 紐なし ",,,"4547432009288",,"MRO"
"4547432009295","4547432009295","S110521770","006616171","SWAN","厚み25ミクロンのシリーズです。吊り下げ用の紐は付いておりません。","LD規格ポリ袋  ポリエチレン袋 No.2511 紐なし ",,,"4547432009295",,"MRO"
"4547432009301","4547432009301","S110521770","006616172","SWAN","厚み25ミクロンのシリーズです。吊り下げ用の紐は付いておりません。","LD規格ポリ袋  ポリエチレン袋 No.2512 紐なし ",,,"4547432009301",,"MRO"
"4547432009318","4547432009318","S110521770","006616173","SWAN","厚み25ミクロンのシリーズです。吊り下げ用の紐は付いておりません。","LD規格ポリ袋  ポリエチレン袋 No.2513 紐なし ",,,"4547432009318",,"MRO"
"4547432009325","4547432009325","S110521770","006616174","SWAN","厚み25ミクロンのシリーズです。吊り下げ用の紐は付いておりません。","LD規格ポリ袋  ポリエチレン袋 No.2514 紐なし ",,,"4547432009325",,"MRO"
"4547432009332","4547432009332","S110521770","006616175","SWAN","厚み25ミクロンのシリーズです。吊り下げ用の紐は付いておりません。","LD規格ポリ袋  ポリエチレン袋 No.2515 紐なし ",,,"4547432009332",,"MRO"
"4547432009349","4547432009349","S110521770","006616176","SWAN","厚み25ミクロンのシリーズです。吊り下げ用の紐は付いておりません。","LD規格ポリ袋  ポリエチレン袋 No.2516 紐なし ",,,"4547432009349",,"MRO"
"4547432009356","4547432009356","S110521770","006616177","SWAN","厚み25ミクロンのシリーズです。吊り下げ用の紐は付いておりません。","LD規格ポリ袋  ポリエチレン袋 No.2517 紐なし ",,,"4547432009356",,"MRO"
"4547432009363","4547432009363","S110521770","006616178","SWAN","厚み25ミクロンのシリーズです。吊り下げ用の紐は付いておりません。","LD規格ポリ袋  ポリエチレン袋 No.2518 紐なし ",,,"4547432009363",,"MRO"
"4547432009370","4547432009370","S110521770","006616179","SWAN","厚み25ミクロンのシリーズです。吊り下げ用の紐は付いておりません。","LD規格ポリ袋  ポリエチレン袋 No.2519 紐なし ",,,"4547432009370",,"MRO"
"4547432009387","4547432009387","S110521770","006616180","SWAN","厚み25ミクロンのシリーズです。吊り下げ用の紐は付いておりません。","LD規格ポリ袋  ポリエチレン袋 No.2520 紐なし ",,,"4547432009387",,"MRO"
"4901755408492","4901755408492","S110521770","006607250","HEIKO","スーパーマーケットなどでおなじみの、極薄HDポリ袋です。ロール状タイプで、ミシン目から一枚ずつ切り放して使います。エンボス付きのため開封性に優れています。お惣菜などのお持ち帰り用や、一時的な仕分けなどに。厚み0.005mm。食品衛生法規格基準適合商品です。●紙管の内径:30mm","極薄HDポリ袋 エンボスロール No.11 ",,,"4901755408492",,"MRO"
"4901755408508","4901755408508","S110521770","006607251","HEIKO","スーパーマーケットなどでおなじみの、極薄HDポリ袋です。ロール状タイプで、ミシン目から一枚ずつ切り放して使います。エンボス付きのため開封性に優れています。お惣菜などのお持ち帰り用や、一時的な仕分けなどに。厚み0.005mm。食品衛生法規格基準適合商品です。●紙管の内径:30mm","極薄HDポリ袋 エンボスロール No.11W ",,,"4901755408508",,"MRO"
"4901755518573","4901755518573","S110521770","006609504","HEIKO","生物由来の有機資源を原料としたバイオマス成分を25%含んだゴミ袋です。主原料のサトウキビは、育成時に光合成をして大気中のCO2を吸収するため、石油化学由来の原料と比較すると大幅なCO2の削減に貢献します。","バイオHDゴミ袋 #015 45L 半透明",,,"4901755518573",,"MRO"
"4901755518580","4901755518580","S110521770","006609505","HEIKO","生物由来の有機資源を原料としたバイオマス成分を25%含んだゴミ袋です。主原料のサトウキビは、育成時に光合成をして大気中のCO2を吸収するため、石油化学由来の原料と比較すると大幅なCO2の削減に貢献します。","バイオHDゴミ袋 #018 70L 半透明",,,"4901755518580",,"MRO"
"4901755518597","4901755518597","S110521770","006609506","HEIKO","生物由来の有機資源を原料としたバイオマス成分を25%含んだゴミ袋です。主原料のサトウキビは、育成時に光合成をして大気中のCO2を吸収するため、石油化学由来の原料と比較すると大幅なCO2の削減に貢献します。","バイオHDゴミ袋 #02 90L 半透明",,,"4901755518597",,"MRO"
"4901755518603","4901755518603","S110521770","006609507","HEIKO","生物由来の有機資源を原料としたバイオマス成分を25%含んだゴミ袋です。主原料のサトウキビは、育成時に光合成をして大気中のCO2を吸収するため、石油化学由来の原料と比較すると大幅なCO2の削減に貢献します。","バイオLDゴミ袋 #025 30L 透明",,,"4901755518603",,"MRO"
"4901755518610","4901755518610","S110521770","006609508","HEIKO","生物由来の有機資源を原料としたバイオマス成分を25%含んだゴミ袋です。主原料のサトウキビは、育成時に光合成をして大気中のCO2を吸収するため、石油化学由来の原料と比較すると大幅なCO2の削減に貢献します。","バイオLDゴミ袋 #025 45L 透明",,,"4901755518610",,"MRO"
"4901755518627","4901755518627","S110521770","006609509","HEIKO","生物由来の有機資源を原料としたバイオマス成分を25%含んだゴミ袋です。主原料のサトウキビは、育成時に光合成をして大気中のCO2を吸収するため、石油化学由来の原料と比較すると大幅なCO2の削減に貢献します。","バイオLDゴミ袋 #035 70L 透明",,,"4901755518627",,"MRO"
"4901755518634","4901755518634","S110521770","006609510","HEIKO","生物由来の有機資源を原料としたバイオマス成分を25%含んだゴミ袋です。主原料のサトウキビは、育成時に光合成をして大気中のCO2を吸収するため、石油化学由来の原料と比較すると大幅なCO2の削減に貢献します。","バイオLDゴミ袋 #04 90L 透明",,,"4901755518634",,"MRO"
"4901755310801","4901755310801","S110521770","006604998","HEIKO","ゴミを詰め込みしても伸びが良く破れにくい、3層タイプの強力ゴミ袋です。","ハイパワー半透明ゴミ袋 20L #010(3層)",,,"4901755310801",,"MRO"
"4901755310818","4901755310818","S110521770","006604999","HEIKO","ゴミを詰め込みしても伸びが良く破れにくい、3層タイプの強力ゴミ袋です。","ハイパワー半透明ゴミ袋 30L #011(3層)",,,"4901755310818",,"MRO"
"4901755310719","4901755310719","S110521770","006604030","HEIKO","ご家庭のごみ袋や野菜の小分けなどあれこれ便利な持ち手付きのポリ袋です。ベロが長いのでしっかりと結ぶ事が出来ます。中身が見えにくい白無地タイプです。","持ち手付きポリ袋 8L 無地 白",,,"4901755310719",,"MRO"
"4901755310726","4901755310726","S110521770","006604031","HEIKO","ご家庭のごみ袋や野菜の小分けなどあれこれ便利な持ち手付きのポリ袋です。ベロが長いのでしっかりと結ぶ事が出来ます。中身が見えにくい白無地タイプです。","持ち手付きポリ袋 10L 無地 白",,,"4901755310726",,"MRO"
"4901755310764","4901755310764","S110521770","006604032","HEIKO","ご家庭のごみ袋や野菜の小分けなどあれこれ便利な持ち手付きのポリ袋です。ベロが長いのでしっかりと結ぶ事が出来ます。中身が見えにくい白無地タイプです。","持ち手付きポリ袋 15L 無地 白",,,"4901755310764",,"MRO"
"4901755310771","4901755310771","S110521770","006604033","HEIKO","ご家庭のごみ袋や野菜の小分けなどあれこれ便利な持ち手付きのポリ袋です。ベロが長いのでしっかりと結ぶ事が出来ます。中身が見えにくい白無地タイプです。","持ち手付きポリ袋 20L 無地 白",,,"4901755310771",,"MRO"
"4901755310788","4901755310788","S110521770","006604034","HEIKO","ご家庭のごみ袋や野菜の小分けなどあれこれ便利な持ち手付きのポリ袋です。ベロが長いのでしっかりと結ぶ事が出来ます。中身が見えにくい白無地タイプです。","持ち手付きポリ袋 30L 無地 白",,,"4901755310788",,"MRO"
"4901755310795","4901755310795","S110521770","006604035","HEIKO","ご家庭のごみ袋や野菜の小分けなどあれこれ便利な持ち手付きのポリ袋です。ベロが長いのでしっかりと結ぶ事が出来ます。中身が見えにくい白無地タイプです。","持ち手付きポリ袋 45L 無地 白",,,"4901755310795",,"MRO"
"4901755310832","4901755310832","S110521770","006605110","HEIKO","紐を引いて袋の口を結べるゴミ袋です。簡単でしっかり密閉できるので手も汚れず衛生的です。容量いっぱいにゴミを詰める事ができて経済的です。便利なBOXティッシュタイプで1枚ずつ取り出せます。","結べるひも付きゴミ袋 30L BOXタイプ 半透明",,,"4901755310832",,"MRO"
"4901755310849","4901755310849","S110521770","006605111","HEIKO","紐を引いて袋の口を結べるゴミ袋です。簡単でしっかり密閉できるので手も汚れず衛生的です。容量いっぱいにゴミを詰める事ができて経済的です。便利なBOXティッシュタイプで1枚ずつ取り出せます。","結べるひも付きゴミ袋 45L BOXタイプ 半透明",,,"4901755310849",,"MRO"
"4901755310825","4901755310825","S110521770","006605010","HEIKO","食品容器回収用の大型袋です。3層タイプで強度があり、ガゼット付きで回収ボックスにもフィットします。通常のゴミ袋としてもお使い頂けます。","3層超大型ガゼットポリ袋 LL #02(3層)",,,"4901755310825",,"MRO"
"4901755411065","4901755411065","S110521770","006648500","HEIKO","ロールタイプのレジ袋型の手提げポリ袋です。20枚が縦に繋がった状態で包装されています。くるくると回してミシン目でカットして、お使い頂く事ができます。ゴミ箱の底に置いたり、コンパクトなのでかばんに入れてお買い物に使ったりと、毎日の生活に大変便利です。食品衛生法規格基準適合商品です。","手提げポリ袋 ロールタイプ手さげ袋 10L 白",,,"4901755411065",,"MRO"
"4901755411072","4901755411072","S110521770","006648501","HEIKO","ロールタイプのレジ袋型の手提げポリ袋です。20枚が縦に繋がった状態で包装されています。くるくると回してミシン目でカットして、お使い頂く事ができます。ゴミ箱の底に置いたり、コンパクトなのでかばんに入れてお買い物に使ったりと、毎日の生活に大変便利です。食品衛生法規格基準適合商品です。","手提げポリ袋 ロールタイプ手さげ袋 15L 白",,,"4901755411072",,"MRO"
"4547432009394","4547432009394","S110521770","006616609","SWAN","厚み25ミクロンのシリーズです。異物混入の対策に有効な青色です。吊り下げ用の紐は付いておりません。","LD規格ポリ袋  ポリエチレン袋 No.2509 紐なし ブルー",,,"4547432009394",,"MRO"
"4547432009790","4547432009790","S110521770","006616610","SWAN","厚み25ミクロンのシリーズです。異物混入の対策に有効な青色です。吊り下げ用の紐は付いておりません。","LD規格ポリ袋  ポリエチレン袋 No.2510 紐なし ブルー",,,"4547432009790",,"MRO"
"4547432009806","4547432009806","S110521770","006616611","SWAN","厚み25ミクロンのシリーズです。異物混入の対策に有効な青色です。吊り下げ用の紐は付いておりません。","LD規格ポリ袋  ポリエチレン袋 No.2511 紐なし ブルー",,,"4547432009806",,"MRO"
"4547432009813","4547432009813","S110521770","006616612","SWAN","厚み25ミクロンのシリーズです。異物混入の対策に有効な青色です。吊り下げ用の紐は付いておりません。","LD規格ポリ袋  ポリエチレン袋 No.2512 紐なし ブルー",,,"4547432009813",,"MRO"
"4547432009820","4547432009820","S110521770","006616613","SWAN","厚み25ミクロンのシリーズです。異物混入の対策に有効な青色です。吊り下げ用の紐は付いておりません。","LD規格ポリ袋  ポリエチレン袋 No.2513 紐なし ブルー",,,"4547432009820",,"MRO"
"4547432009837","4547432009837","S110521770","006616614","SWAN","厚み25ミクロンのシリーズです。異物混入の対策に有効な青色です。吊り下げ用の紐は付いておりません。","LD規格ポリ袋  ポリエチレン袋 No.2514 紐なし ブルー",,,"4547432009837",,"MRO"
"4901755408584","4901755408584","S110521770","006607252","HEIKO","スーパーマーケットなどでおなじみの、極薄HDポリ袋です。ロール状タイプで、ミシン目から一枚ずつ切り放して使います。エンボス付きのため開封性に優れています。お惣菜などのお持ち帰り用や、一時的な仕分けなどに。厚み0.005mm。食品衛生法規格基準適合商品です。●紙管の内径:30mm","極薄HDポリ袋 エンボスロール No.12 ",,,"4901755408584",,"MRO"
"4901755408591","4901755408591","S110521770","006607253","HEIKO","スーパーマーケットなどでおなじみの、極薄HDポリ袋です。ロール状タイプで、ミシン目から一枚ずつ切り放して使います。エンボス付きのため開封性に優れています。お惣菜などのお持ち帰り用や、一時的な仕分けなどに。厚み0.005mm。食品衛生法規格基準適合商品です。●紙管の内径:30mm","極薄HDポリ袋 エンボスロール No.12W ",,,"4901755408591",,"MRO"
"4901755408607","4901755408607","S110521770","006607254","HEIKO","スーパーマーケットなどでおなじみの、極薄HDポリ袋です。ロール状タイプで、ミシン目から一枚ずつ切り放して使います。エンボス付きのため開封性に優れています。お惣菜などのお持ち帰り用や、一時的な仕分けなどに。厚み0.005mm。食品衛生法規格基準適合商品です。●紙管の内径:30mm","極薄HDポリ袋 エンボスロール No.13 ",,,"4901755408607",,"MRO"
"4901755410051","4901755410051","S110521770","006694635","HEIKO","ティッシュのように1枚ずつ取り出せる便利な極薄強化ポリ袋です。横マチ付きで中口開き(開口性)が抜群に良くなり、作業性がUPします。食品衛生法規格基準適合商品です。","HDマチ付ポリパック袋入 18-30 ",,,"4901755410051",,"MRO"
"4547432421004","4547432421004","S110521770","006763103","SWAN","曇りにくく、水滴がつきにくいOPPフィルムを使用し、青果物の包装に適したポリ袋です。4か所穴ありタイプ。食品衛生法規格基準適合商品です。","ボードンパック #20 No.3 穴あり プラマーク入り",,,"4547432421004",,"MRO"
"4901755458237","4901755458237","S110521770","006960900","HEIKO","生物由来の有機資源を原料としたバイオマス成分を２５％含んだ手抜きタイプのポリ袋です。底マチが広いため、食パンや大きめの箱などを入れるのに適しています。バイオマスマーク取得済みで、「プラスチック製買物袋有料化制度」の対象外とすることが可能です。主原料のサトウキビは、育成時に光合成をして大気中のＣＯ２を吸収するため、石油化学由来の原料と比較すると大幅なＣＯ２の削減に貢献します。※穴から下の高さは多少前後する場合があります。","手抜きポリ袋 バイオハンディバッグ Y3S ティータイム",,,"4901755458237",,"MRO"
"4901755458244","4901755458244","S110521770","006960901","HEIKO","生物由来の有機資源を原料としたバイオマス成分を２５％含んだ手抜きタイプのポリ袋です。底マチが広いため、食パンや大きめの箱などを入れるのに適しています。バイオマスマーク取得済みで、「プラスチック製買物袋有料化制度」の対象外とすることが可能です。主原料のサトウキビは、育成時に光合成をして大気中のＣＯ２を吸収するため、石油化学由来の原料と比較すると大幅なＣＯ２の削減に貢献します。※穴から下の高さは多少前後する場合があります。","手抜きポリ袋 バイオハンディバッグ YSS ティータイム",,,"4901755458244",,"MRO"
"4901755459029","4901755459029","S110521770","006660150","HEIKO","生物由来の有機資源を原料としたバイオマス成分を２５％含んだ手抜きポリ袋です。お菓子の箱やパン等を入れやすいサイドガゼットタイプ。バイオマスマーク取得済みで、「プラスチック製買物袋有料化制度」の対象外とすることが可能です。主原料のサトウキビは、育成時に光合成をして大気中のＣＯ２を吸収するため、石油化学由来の原料と比較すると大幅なＣＯ２の削減に貢献します。※穴から下の高さは多少前後する場合があります。●両面印刷【印字内容】この袋はサトウキビ由来のバイオマス成分を２５％含んだポリ袋です。","手抜きポリ袋 バイオHDポリ SG19-35 ティータイム",,,"4901755459029",,"MRO"
"4901755459036","4901755459036","S110521770","006660151","HEIKO","生物由来の有機資源を原料としたバイオマス成分を２５％含んだ手抜きポリ袋です。お菓子の箱やパン等を入れやすいサイドガゼットタイプ。バイオマスマーク取得済みで、「プラスチック製買物袋有料化制度」の対象外とすることが可能です。主原料のサトウキビは、育成時に光合成をして大気中のＣＯ２を吸収するため、石油化学由来の原料と比較すると大幅なＣＯ２の削減に貢献します。※穴から下の高さは多少前後する場合があります。●両面印刷【印字内容】この袋はサトウキビ由来のバイオマス成分を２５％含んだポリ袋です。","手抜きポリ袋 バイオHDポリ SG26-37 ティータイム",,,"4901755459036",,"MRO"
"4901755414868","4901755414868","S110521770","006996600","HEIKO","生物由来の有機資源を原料としたバイオマス成分を２５％含んだ手抜きポリ袋です。お菓子の箱やパン等を入れやすいサイドガゼットタイプ。バイオマスマーク取得済みで、「プラスチック製買物袋有料化制度」の対象外とすることが可能です。主原料のサトウキビは、育成時に光合成をして大気中のＣＯ２を吸収するため、石油化学由来の原料と比較すると大幅なＣＯ２の削減に貢献します。買い物客に有償でお渡しすることも考慮し、本体１枚１枚にパッケージとは異なるＪＡＮコードを印字してあります。","手抜きポリ袋 バイオHDポリ SG19-35 白",,,"4901755414868",,"MRO"
"4901755414875","4901755414875","S110521770","006996601","HEIKO","生物由来の有機資源を原料としたバイオマス成分を２５％含んだ手抜きポリ袋です。お菓子の箱やパン等を入れやすいサイドガゼットタイプ。バイオマスマーク取得済みで、「プラスチック製買物袋有料化制度」の対象外とすることが可能です。主原料のサトウキビは、育成時に光合成をして大気中のＣＯ２を吸収するため、石油化学由来の原料と比較すると大幅なＣＯ２の削減に貢献します。買い物客に有償でお渡しすることも考慮し、本体１枚１枚にパッケージとは異なるＪＡＮコードを印字してあります。","手抜きポリ袋 バイオHDポリ SG26-37 白",,,"4901755414875",,"MRO"
"4901755458251","4901755458251","S110521770","006960902","HEIKO","生物由来の有機資源を原料としたバイオマス成分を２５％含んだ手抜きタイプのポリ袋です。底マチが広いため、食パンや大きめの箱などを入れるのに適しています。バイオマスマーク取得済みで、「プラスチック製買物袋有料化制度」の対象外とすることが可能です。主原料のサトウキビは、育成時に光合成をして大気中のＣＯ２を吸収するため、石油化学由来の原料と比較すると大幅なＣＯ２の削減に貢献します。※穴から下の高さは多少前後する場合があります。","手抜きポリ袋 バイオハンディバッグ YS ティータイム",,,"4901755458251",,"MRO"
"4547432427105","4547432427105","S110521770","006798482","SWAN","「ピュアパック」は海外製フィルムを使用したエコノミータイプのOPP袋です。S(サイドシール)シリーズは封緘テープは付いておりません。長3封筒サイズ。A4横三つ折りサイズ等を入れるのに適しています。厚み0.04mmの厚口タイプです。食品衛生法規格基準適合商品です。","OPP袋 ピュアパック 04S 12-23.5(長3サイズ) ",,,"4547432427105",,"MRO"
"4547432427181","4547432427181","S110521770","006798492","SWAN","「ピュアパック」は海外製フィルムを使用したエコノミータイプのOPP袋です。Tシリーズは作業性の良いテープ付でワンタッチで封ができます。長3封筒サイズ。A4横三つ折りサイズ等を入れるのに適しています。厚み0.04mmの厚口タイプです。食品衛生法規格基準適合商品です。","OPP袋 ピュアパック 04T 12-23.5(長3サイズ) ",,,"4547432427181",,"MRO"
"4547432427136","4547432427136","S110521770","006798485","SWAN","「ピュアパック」は海外製フィルムを使用したエコノミータイプのOPP袋です。S(サイドシール)シリーズは封緘テープは付いておりません。A4判等を入れるのに適しています。厚み0.04mmの厚口タイプです。食品衛生法規格基準適合商品です。","OPP袋 ピュアパック 04S 22.5-31(A4用) ",,,"4547432427136",,"MRO"
"4547432427211","4547432427211","S110521770","006798495","SWAN","「ピュアパック」は海外製フィルムを使用したエコノミータイプのOPP袋です。Tシリーズは作業性の良いテープ付でワンタッチで封ができます。A4判等を入れるのに適しています。厚み0.04mmの厚口タイプです。食品衛生法規格基準適合商品です。","OPP袋 ピュアパック 04T 22.5-31(A4用) ",,,"4547432427211",,"MRO"
"4901755518566","4901755518566","S110521770","006609503","HEIKO","生物由来の有機資源を原料としたバイオマス成分を25%含んだゴミ袋です。主原料のサトウキビは、育成時に光合成をして大気中のCO2を吸収するため、石油化学由来の原料と比較すると大幅なCO2の削減に貢献します。","バイオHDゴミ袋 #013 30L 半透明",,,"4901755518566",,"MRO"
"4901755209419","4901755209419","S110521770","002122986","HEIKO","小物の梱包や配送に便利なスタンダード型の小型段ボール箱です。","段ボール A4用-300 2mm厚 無地",,,"4901755209419",,"MRO"
"4901755209426","4901755209426","S110521770","002122987","HEIKO","一般的な厚み5mm厚ダンボールより20%薄く、在庫スペースの削減が可能。多用途にお使いいただけます。","段ボール B4用-180 4mm厚 無地",,,"4901755209426",,"MRO"
"4901755404814","4901755404814","S110521770","006630033","HEIKO","コンテナ容器を効率よく繰り返し、かつ衛生的に活用するためのポリ袋です。サイドガゼット付き。食品衛生法規格基準適合商品です。","ポリ袋 コンテナ用 ワンサイズ ナチュラル",,,"4901755404814",,"MRO"
"4901755659009","4901755659009","S110521770","004248044","HEIKO","中身が見えて美味しさがわかる窓付き食品箱です。ランチやサンドイッチ、フルーツなどを入れるのにおすすめです。組立式の商品です。※食品の長期保存には適しません。●電子レンジ使用可●オーブン使用不可●入数:20枚","食品箱 ネオクラフト 窓付BOX M クラフト",,,"4901755659009",,"MRO"
"4901755659023","4901755659023","S110521770","004248045","HEIKO","中身が見えて美味しさがわかる窓付き食品箱です。ランチやサンドイッチ、フルーツなどを入れるのにおすすめです。組立式の商品です。※食品の長期保存には適しません。●電子レンジ使用可●オーブン使用不可●入数:20枚","食品箱 ネオクラフト 窓付BOX L クラフト",,,"4901755659023",,"MRO"
"4901755644098","4901755644098","S110521770","004284919","シモジマ","イベントなどで活躍する、紙製のミニトレーです。プラごみの削減、廃棄の際に洗浄の必要も無く、そのまま可燃ごみとして処理できるので効率的です。●電子レンジ使用不可●オーブン使用不可●入数:100枚","試食皿 13H 1120809",,,"4901755644098",,"MRO"
"4537430420796","4537430420796","S110521770","004430073","アクタ","折蓋タイプの弁当容器です。4点を押すとかん合します。中身がもれにくいので、マイバッグでも安心です。●電子レンジ使用可●オーブン使用不可●耐油性:あり●耐熱温度:100℃●ごはんの量:約250g●入数:50枚","折蓋弁当容器 TA70-170A(50) 赤",,,"4537430420796",,"MRO"
"4537430420802","4537430420802","S110521770","004430074","アクタ","折蓋タイプの弁当容器です。4点を押すとかん合します。中身がもれにくいので、マイバッグでも安心です。●電子レンジ使用可●オーブン使用不可●耐油性:あり●耐熱温度:100℃●ごはんの量:約250g●入数:50枚","折蓋弁当容器 TA70-170A(50) 黒",,,"4537430420802",,"MRO"
"4537430420758","4537430420758","S110521770","004430075","アクタ","折蓋タイプの弁当容器です。4点を押すとかん合します。中身がもれにくいので、マイバッグでも安心です。●電子レンジ使用可●オーブン使用不可●耐油性:あり●耐熱温度:100℃●ごはんの量:約300g●入数:50枚","折蓋弁当容器 TA70-200A(50) 赤",,,"4537430420758",,"MRO"
"4537430420765","4537430420765","S110521770","004430076","アクタ","折蓋タイプの弁当容器です。4点を押すとかん合します。中身がもれにくいので、マイバッグでも安心です。●電子レンジ使用可●オーブン使用不可●耐油性:あり●耐熱温度:100℃●ごはんの量:約300g●入数:50枚","折蓋弁当容器 TA70-170A(50) 黒",,,"4537430420765",,"MRO"
"4580553814454","4580553814454","S110521770","004464302","エースパック","料理が映えるテイクアウト用のスキレット型容器です。スキレットとは鉄製の小さなフライパンを指し、そのまま皿としても使用できるお洒落な調理器具で、本物そっくりな見た目で“できたて""を演出することができます。内嵌合フタ「スキレットフタ」は別売です。●電子レンジ使用可●オーブン使用不可●耐熱温度:130℃●入数:50枚","テイクアウト容器 スキレット 本体  黒",,,"4580553814454",,"MRO"
"4580553814478","4580553814478","S110521770","004464303","エースパック","テイクアウト用のスキレット型容器「スキレット」の専用内嵌合フタです。●電子レンジ使用不可●オーブン使用不可●耐熱温度:80℃●入数:50枚","テイクアウト容器 スキレット フタ  ",,,"4580553814478",,"MRO"
"4580553825474","4580553825474","S110521770","004464304","エースパック","カフェで、お家で映える紙製テイクアウト容器です。別売の中皿(クリア･黒)･中皿フタと組み合わせて、ご飯や麺類と具材を分けて盛ることが出来ます。中皿フタと紙容器がボタン嵌合でパチンと止まります。紙容器が展開できるようになってるのでパーティー開けでお皿にもなります。●電子レンジ使用可●オーブン使用不可●耐熱温度:110℃●ごはん:約200g/麺類:約120g●入数:25枚","テイクアウト容器 カフェキュートボックス 本体  クラフト",,,"4580553825474",,"MRO"
"4580553825450","4580553825450","S110521770","004464305","エースパック","カフェで、お家で映える紙製テイクアウト容器です。別売の中皿(クリア･黒)･中皿フタと組み合わせて、ご飯や麺類と具材を分けて盛ることが出来ます。中皿フタと紙容器がボタン嵌合でパチンと止まります。紙容器が展開できるようになってるのでパーティー開けでお皿にもなります。●電子レンジ使用可●オーブン使用不可●耐熱温度:110℃●ごはん:約200g/麺類:約120g●入数:25枚","テイクアウト容器 カフェキュートボックス 本体  白",,,"4580553825450",,"MRO"
"4580553825894","4580553825894","S110521770","004464306","エースパック","カフェで、お家で映える紙製テイクアウト容器「カフェキュートボックス」の中皿クリアです。別売の本体･中皿フタと組み合わせて、ご飯や麺類と具材を分けて盛ることが出来ます。本体の紙容器は展開できるようになってるのでパーティー開けでお皿にもなります。●電子レンジ使用可●オーブン使用不可●耐熱温度:110℃●入数:100枚","テイクアウト容器 カフェキュートボックス 中皿  クリア",,,"4580553825894",,"MRO"
"4580553825917","4580553825917","S110521770","004464307","エースパック","カフェで、お家で映える紙製テイクアウト容器「カフェキュートボックス」の中皿黒です。別売の本体･中皿フタと組み合わせて、ご飯や麺類と具材を分けて盛ることが出来ます。本体の紙容器は展開できるようになってるのでパーティー開けでお皿にもなります。●電子レンジ使用可●オーブン使用不可●耐熱温度:110℃●入数:100枚","テイクアウト容器 カフェキュートボックス 中皿  黒",,,"4580553825917",,"MRO"
"4901755458268","4901755458268","S110521770","006960903","HEIKO","生物由来の有機資源を原料としたバイオマス成分を２５％含んだ手抜きタイプのポリ袋です。底マチが広いため、食パンや大きめの箱などを入れるのに適しています。バイオマスマーク取得済みで、「プラスチック製買物袋有料化制度」の対象外とすることが可能です。主原料のサトウキビは、育成時に光合成をして大気中のＣＯ２を吸収するため、石油化学由来の原料と比較すると大幅なＣＯ２の削減に貢献します。※穴から下の高さは多少前後する場合があります。","手抜きポリ袋 バイオハンディバッグ YM ティータイム",,,"4901755458268",,"MRO"
"4901755458275","4901755458275","S110521770","006960904","HEIKO","生物由来の有機資源を原料としたバイオマス成分を２５％含んだ手抜きタイプのポリ袋です。底マチが広いため、食パンや大きめの箱などを入れるのに適しています。バイオマスマーク取得済みで、「プラスチック製買物袋有料化制度」の対象外とすることが可能です。主原料のサトウキビは、育成時に光合成をして大気中のＣＯ２を吸収するため、石油化学由来の原料と比較すると大幅なＣＯ２の削減に貢献します。※穴から下の高さは多少前後する場合があります。","手抜きポリ袋 バイオハンディバッグ YL ティータイム",,,"4901755458275",,"MRO"
"4901755414769","4901755414769","S110521770","006960910","HEIKO","生物由来の有機資源を原料としたバイオマス成分を２５％含んだ手抜きタイプのポリ袋です。底マチが広いため、食パンや大きめの箱などを入れるのに適しています。バイオマスマーク取得済みで、「プラスチック製買物袋有料化制度」の対象外とすることが可能です。主原料のサトウキビは、育成時に光合成をして大気中のＣＯ２を吸収するため、石油化学由来の原料と比較すると大幅なＣＯ２の削減に貢献します。買い物客に有償でお渡しすることも考慮し、本体１枚１枚にパッケージとは異なるＪＡＮコードを印字してあります。","手抜きポリ袋 バイオハンディバッグ Y3S 白",,,"4901755414769",,"MRO"
"4901755414776","4901755414776","S110521770","006960911","HEIKO","生物由来の有機資源を原料としたバイオマス成分を２５％含んだ手抜きタイプのポリ袋です。底マチが広いため、食パンや大きめの箱などを入れるのに適しています。バイオマスマーク取得済みで、「プラスチック製買物袋有料化制度」の対象外とすることが可能です。主原料のサトウキビは、育成時に光合成をして大気中のＣＯ２を吸収するため、石油化学由来の原料と比較すると大幅なＣＯ２の削減に貢献します。買い物客に有償でお渡しすることも考慮し、本体１枚１枚にパッケージとは異なるＪＡＮコードを印字してあります。","手抜きポリ袋 バイオハンディバッグ YSS 白",,,"4901755414776",,"MRO"
"4901755414783","4901755414783","S110521770","006960912","HEIKO","生物由来の有機資源を原料としたバイオマス成分を２５％含んだ手抜きタイプのポリ袋です。底マチが広いため、食パンや大きめの箱などを入れるのに適しています。バイオマスマーク取得済みで、「プラスチック製買物袋有料化制度」の対象外とすることが可能です。主原料のサトウキビは、育成時に光合成をして大気中のＣＯ２を吸収するため、石油化学由来の原料と比較すると大幅なＣＯ２の削減に貢献します。買い物客に有償でお渡しすることも考慮し、本体１枚１枚にパッケージとは異なるＪＡＮコードを印字してあります。","手抜きポリ袋 バイオハンディバッグ YS 白",,,"4901755414783",,"MRO"
"4901755414790","4901755414790","S110521770","006960913","HEIKO","生物由来の有機資源を原料としたバイオマス成分を２５％含んだ手抜きタイプのポリ袋です。底マチが広いため、食パンや大きめの箱などを入れるのに適しています。バイオマスマーク取得済みで、「プラスチック製買物袋有料化制度」の対象外とすることが可能です。主原料のサトウキビは、育成時に光合成をして大気中のＣＯ２を吸収するため、石油化学由来の原料と比較すると大幅なＣＯ２の削減に貢献します。買い物客に有償でお渡しすることも考慮し、本体１枚１枚にパッケージとは異なるＪＡＮコードを印字してあります。","手抜きポリ袋 バイオハンディバッグ YM 白",,,"4901755414790",,"MRO"
"4901755414806","4901755414806","S110521770","006960914","HEIKO","生物由来の有機資源を原料としたバイオマス成分を２５％含んだ手抜きタイプのポリ袋です。底マチが広いため、食パンや大きめの箱などを入れるのに適しています。バイオマスマーク取得済みで、「プラスチック製買物袋有料化制度」の対象外とすることが可能です。主原料のサトウキビは、育成時に光合成をして大気中のＣＯ２を吸収するため、石油化学由来の原料と比較すると大幅なＣＯ２の削減に貢献します。買い物客に有償でお渡しすることも考慮し、本体１枚１枚にパッケージとは異なるＪＡＮコードを印字してあります。","手抜きポリ袋 バイオハンディバッグ YL 白",,,"4901755414806",,"MRO"
"4901755333565","4901755333565","S110521770","004054601","HEIKO","上品で穏やかな和風柄が魅力的なマチ幅の広い定番の角底袋です。様々な業種でお使い頂けます。                                                                                                                                                                                                                                                                ","角底袋 No.6 麻の葉文様",,,"4901755333565",,"MRO"
"4901755355253","4901755355253","S110521770","003264058","HEIKO","上品で穏やかな柄が魅力的な和風柄の手提げ袋です。小型ながらマチ幅が広めの人気サイズです。未使用時には紐が飛び出ていないため、在庫スペースに優しい平紐タイプです。●手紐:平紐白","手提げ紙袋 25チャームバッグ 平手 S2 麻の葉文様",,,"4901755355253",,"MRO"
"4901755353037","4901755353037","S110521770","003274021","HEIKO","上品で穏やかな柄が魅力的な和風柄の手提げ袋です。和菓子や和雑貨におすすめです。コンパクトながらマチはゆったり。箱ものの収納に適しています。未使用時には紐が飛び出ていないため、在庫スペースに優しい平紐タイプです。●手紐:平紐白","手提げ紙袋 25チャームバッグ 平手 E判 麻の葉文様",,,"4901755353037",,"MRO"
"4901755350074","4901755350074","S110521770","003264512","HEIKO","和柄の落ち着いた雰囲気の手提げ袋です。和菓子屋さんや和服小物など和物屋さんにピッタリのデザインです。縦型でA4対応サイズです。●手紐:丸紐白","手提げ紙袋 25チャームバッグ S 麻の葉文様",,,"4901755350074",,"MRO"
"4901755351491","4901755351491","S110521770","003268731","HEIKO","上品で穏やかな柄が魅力的な和風柄の手提げ袋です。マチを広く高さを低く設計した規格で、洋菓子･和菓子･お弁当など、平たいものをそのままの向きで収納したい場合に最適です。●手紐:丸紐白","手提げ紙袋 25チャームバッグ 32-4 麻の葉文様",,,"4901755351491",,"MRO"
"4901755355888","4901755355888","S110521770","003269923","HEIKO","上品で穏やかな柄が魅力的な和風柄の手提げ袋です。マチ広で、箱ものがすっぽりと収納できる人気のサイズです。●手紐:丸紐白","手提げ紙袋 25チャームバッグ 34-1 麻の葉文様",,,"4901755355888",,"MRO"
"4901755331134","4901755331134","S110521770","004054402","HEIKO","上品で穏やかな和風柄が魅力的なマチ幅の広い定番の角底袋です。ファンシーバッグよりもマチ巾が広く、雑貨等を入れるのに適した廉価な袋です。柄やサイズのバリエーションも豊富です。衣料･雑貨など幅広くご利用いただけます。","角底袋 No.4 鮫小紋",,,"4901755331134",,"MRO"
"4901755333572","4901755333572","S110521770","004054602","HEIKO","上品で穏やかな和風柄が魅力的なマチ幅の広い定番の角底袋です。様々な業種でお使い頂けます。","角底袋 No.6 鮫小紋",,,"4901755333572",,"MRO"
"4901755355260","4901755355260","S110521770","003264059","HEIKO","上品で穏やかな柄が魅力的な和風柄の手提げ袋です。小型ながらマチ幅が広めの人気サイズです。未使用時には紐が飛び出ていないため、在庫スペースに優しい平紐タイプです。●手紐:平紐白","手提げ紙袋 25チャームバッグ 平手 S2 鮫小紋",,,"4901755355260",,"MRO"
"4901755353051","4901755353051","S110521770","003274022","HEIKO","上品で穏やかな柄が魅力的な和風柄の手提げ袋です。和菓子や和雑貨におすすめです。コンパクトながらマチはゆったり。箱ものの収納に適しています。未使用時には紐が飛び出ていないため、在庫スペースに優しい平紐タイプです。●手紐:平紐白","手提げ紙袋 25チャームバッグ 平手 E判 鮫小紋",,,"4901755353051",,"MRO"
"4901755350081","4901755350081","S110521770","003264513","HEIKO","和柄の落ち着いた雰囲気の手提げ袋です。和菓子屋さんや和服小物など和物屋さんにピッタリのデザインです。縦型でA4対応サイズです。●手紐:丸紐白","手提げ紙袋 25チャームバッグ S 鮫小紋",,,"4901755350081",,"MRO"
"4901755352474","4901755352474","S110521770","003268732","HEIKO","上品で穏やかな柄が魅力的な和風柄の手提げ袋です。マチを広く高さを低く設計した規格で、洋菓子･和菓子･お弁当など、平たいものをそのままの向きで収納したい場合に最適です。●手紐:丸紐白","手提げ紙袋 25チャームバッグ 32-4 鮫小紋",,,"4901755352474",,"MRO"
"4901755355895","4901755355895","S110521770","003269924","HEIKO","上品で穏やかな柄が魅力的な和風柄の手提げ袋です。マチ広で、箱ものがすっぽりと収納できる人気のサイズです。●手紐:丸紐白","手提げ紙袋 25チャームバッグ 34-1 鮫小紋",,,"4901755355895",,"MRO"
"4901755741537","4901755741537","S110521770","007332810","シモジマ","レジロールのサーマル(感熱)タイプです。●保存:ノーマル保存(3~5年)●紙厚:75μ","レジペーパー サーマル(感熱)タイプ 58×63m×17.5 ",,,"4901755741537",,"MRO"
"4971275811201","4971275811201","S110521770","003742040","オーム電機","簡単操作で、食材をおいしく新鮮に保存できる密封パック器です。食材を個分け保存できるので、無駄が減らせます。密封で臭い移りを防げ、酸化を軽減しておいしさが長持ちします。パックのまま、あたため調理ができます。脱気ボタンを押すだけの簡単操作。専用ロール袋（２０ｃｍｘ３ｍ）付属ですぐに使えます。●電源：ＡＣ１００Ｖ　５０／６０Ｈｚ●消費電カ：１２０Ｗ●脱気圧：約５０ｋｐａ（３８０ｍｍＨｇ）●接着部温度：約１３０℃●シール可能幅：最大２８０ｍｍ●使用温度範囲：０℃～４０℃","密封パック器  COK-E-SL01",,,"4971275811201",,"MRO"
"4971275811218","4971275811218","S110521770","003742041","オーム電機","個分け保存で新鮮長持ちの密封パック器「COK-E-SL01」専用のロール状ポリ袋です。自由な長さにカットしてご利用いただけます。●耐熱温度:約 100℃●耐冷温度:約 -30℃","密封パック器 専用ロール袋 20cm×3m COK-E-SM201",,,"4971275811218",,"MRO"
"4971275811232","4971275811232","S110521770","003742042","オーム電機","個分け保存で新鮮長持ちの密封パック器「COK-E-SL01」専用のロール状ポリ袋です。自由な長さにカットしてご利用いただけます。●耐熱温度:約 100℃●耐冷温度:約 -30℃","密封パック器 専用ロール袋 28cm×3m COK-E-SM281",,,"4971275811232",,"MRO"
"4901755368369","4901755368369","S110521770","004192250","HEIKO","抗菌剤入り印刷ニスを表面にコーティングすることで抗菌効果を発揮します。大腸菌や黄色ブドウ球菌などの繁殖を抑制することができます。(全てのウィルスには対応していません)A4サイズが入ります。●ベロ付●","宅配袋 S 抗菌",,,"4901755368369",,"MRO"
"4901755368390","4901755368390","S110521770","004192260","HEIKO","抗菌剤入り印刷ニスを表面にコーティングすることで抗菌効果を発揮します。大腸菌や黄色ブドウ球菌などの繁殖を抑制することができます。(全てのウィルスには対応していません)B4サイズが入ります。●ベロ付●","宅配袋 L 抗菌",,,"4901755368390",,"MRO"
"4901755365337","4901755365337","S110521770","004192201","HEIKO","袋の外側に撥水加工を施した水濡れに強い宅配袋です。(防水ではありません)送り状を貼付する位置にはニス加工せず、剥がれずらくなっています。セミB5サイズが入ります。●ベロ付","宅配袋 SS 撥水 貼付位置入 未晒",,,"4901755365337",,"MRO"
"4901755365184","4901755365184","S110521770","004192200","HEIKO","袋の外側に撥水加工を施した水濡れに強い宅配袋です。(防水ではありません)送り状を貼付する位置にはニス加工せず、剥がれずらくなっています。セミB5サイズが入ります。●ベロ付","宅配袋 SS 撥水 貼付位置入 白",,,"4901755365184",,"MRO"
"4901755365306","4901755365306","S110521770","004192211","HEIKO","袋の外側に撥水加工を施した水濡れに強い宅配袋です。(防水ではありません)送り状を貼付する位置にはニス加工せず、剥がれずらくなっています。セミA4サイズが入ります。●ベロ付","宅配袋 S 撥水 貼付位置入 未晒",,,"4901755365306",,"MRO"
"4901755365290","4901755365290","S110521770","004192210","HEIKO","袋の外側に撥水加工を施した水濡れに強い宅配袋です。(防水ではありません)送り状を貼付する位置にはニス加工せず、剥がれずらくなっています。セミA4サイズが入ります。●ベロ付","宅配袋 S 撥水 貼付位置入 白",,,"4901755365290",,"MRO"
"4901755365320","4901755365320","S110521770","004192221","HEIKO","袋の外側に撥水加工を施した水濡れに強い宅配袋です。(防水ではありません)送り状を貼付する位置にはニス加工せず、剥がれずらくなっています。セミA4サイズが入ります。●ベロ付","宅配袋 M 撥水 貼付位置入 未晒",,,"4901755365320",,"MRO"
"4901755365313","4901755365313","S110521770","004192220","HEIKO","袋の外側に撥水加工を施した水濡れに強い宅配袋です。(防水ではありません)送り状を貼付する位置にはニス加工せず、剥がれずらくなっています。セミA4サイズが入ります。●ベロ付","宅配袋 M 撥水 貼付位置入 白",,,"4901755365313",,"MRO"
"4901755365375","4901755365375","S110521770","004192231","HEIKO","袋の外側に撥水加工を施した水濡れに強い宅配袋です。(防水ではありません)送り状を貼付する位置にはニス加工せず、剥がれずらくなっています。セミB4サイズが入ります。●ベロ付","宅配袋 L 撥水 貼付位置入 未晒",,,"4901755365375",,"MRO"
"4901755365368","4901755365368","S110521770","004192230","HEIKO","袋の外側に撥水加工を施した水濡れに強い宅配袋です。(防水ではありません)送り状を貼付する位置にはニス加工せず、剥がれずらくなっています。セミB4サイズが入ります。●ベロ付","宅配袋 L 撥水 貼付位置入 白",,,"4901755365368",,"MRO"
"4901755365405","4901755365405","S110521770","004192241","HEIKO","袋の外側に撥水加工を施した水濡れに強い宅配袋です。(防水ではありません)送り状を貼付する位置にはニス加工せず、剥がれずらくなっています。セミB4サイズが入ります。●ベロ付","宅配袋 LL 撥水 貼付位置入 未晒",,,"4901755365405",,"MRO"
"4901755365399","4901755365399","S110521770","004192240","HEIKO","袋の外側に撥水加工を施した水濡れに強い宅配袋です。(防水ではありません)送り状を貼付する位置にはニス加工せず、剥がれずらくなっています。セミB4サイズが入ります。●ベロ付","宅配袋 LL 撥水 貼付位置入 白",,,"4901755365399",,"MRO"
"4901755365382","4901755365382","S110521770","004192004","HEIKO","表面をPPコーティングし、強度を持たせた宅配袋です。B4サイズが余裕で入るサイズです。厚みのある書籍や洋服など様々なものを入れて発送できます。口留めに便利なタックシール付き。","宅配袋 フィルム貼り L 白無地",,,"4901755365382",,"MRO"
"4901755209365","4901755209365","S110521770","002122983","HEIKO","小物の梱包や配送に便利なスタンダード型の小型段ボール箱です。","段ボール B5用-70 2mm厚 無地",,,"4901755209365",,"MRO"
"4901755209372","4901755209372","S110521770","002122984","HEIKO","小物の梱包や配送に便利なスタンダード型の小型段ボール箱です。","段ボール B5用-150 2mm厚 無地",,,"4901755209372",,"MRO"
"4901755209402","4901755209402","S110521770","002122985","HEIKO","小物の梱包や配送に便利なスタンダード型の小型段ボール箱です。","段ボール A4用-190 2mm厚 無地",,,"4901755209402",,"MRO"
"4901755414882","4901755414882","S110521770","006996602","HEIKO","生物由来の有機資源を原料としたバイオマス成分を２５％含んだ手抜きポリ袋です。お菓子の箱やパン等を入れやすいサイドガゼットタイプ。バイオマスマーク取得済みで、「プラスチック製買物袋有料化制度」の対象外とすることが可能です。主原料のサトウキビは、育成時に光合成をして大気中のＣＯ２を吸収するため、石油化学由来の原料と比較すると大幅なＣＯ２の削減に貢献します。買い物客に有償でお渡しすることも考慮し、本体１枚１枚にパッケージとは異なるＪＡＮコードを印字してあります。","手抜きポリ袋 バイオHDポリ SG40-39 白",,,"4901755414882",,"MRO"
"4901755459494","4901755459494","S110521770","006905550","HEIKO","生物由来の有機資源を原料としたバイオマス成分を２５％含んだレジ袋です。半透明をベースにキッチンツールを散りばめたデザイン。バイオマスマーク取得済みで、「プラスチック製買物袋有料化制度」の対象外とすることが可能です。主原料のサトウキビは、育成時に光合成をして大気中のＣＯ２を吸収するため、石油化学由来の原料と比較すると大幅なＣＯ２の削減に貢献します。●両面印刷●ハンガータイプ●表面エンボス加工あり【印字内容】この袋はサトウキビ由来のバイオマス成分を２５％含んだレジ袋です。","レジ袋 バイオハンドハイパー S ティータイム",,,"4901755459494",,"MRO"
"4901755459500","4901755459500","S110521770","006905551","HEIKO","生物由来の有機資源を原料としたバイオマス成分を２５％含んだレジ袋です。半透明をベースにキッチンツールを散りばめたデザイン。バイオマスマーク取得済みで、「プラスチック製買物袋有料化制度」の対象外とすることが可能です。主原料のサトウキビは、育成時に光合成をして大気中のＣＯ２を吸収するため、石油化学由来の原料と比較すると大幅なＣＯ２の削減に貢献します。●両面印刷●ハンガータイプ●表面エンボス加工あり【印字内容】この袋はサトウキビ由来のバイオマス成分を２５％含んだレジ袋です。","レジ袋 バイオハンドハイパー M ティータイム",,,"4901755459500",,"MRO"
"4901755459340","4901755459340","S110521770","006905500","HEIKO","生物由来の有機資源を原料としたバイオマス成分を２５％含んだレジ袋です。ナチュラルでシンプルな仏語の落ち着きのあるデザイン。バイオマスマーク取得済みで、「プラスチック製買物袋有料化制度」の対象外とすることが可能です。主原料のサトウキビは、育成時に光合成をして大気中のＣＯ２を吸収するため、石油化学由来の原料と比較すると大幅なＣＯ２の削減に貢献します。買い物客に有償でお渡しすることも考慮し、本体１枚１枚にパッケージとは異なるＪＡＮコードを印字してあります。●片面印刷●ハンガータイプ","レジ袋 バイオハンドハイパー S シュエット",,,"4901755459340",,"MRO"
"4901755459388","4901755459388","S110521770","006905511","HEIKO","生物由来の有機資源を原料としたバイオマス成分を２５％含んだレジ袋です。淡い無数のバラのシルエットが上品なデザイン。バイオマスマーク取得済みで、「プラスチック製買物袋有料化制度」の対象外とすることが可能です。主原料のサトウキビは、育成時に光合成をして大気中のＣＯ２を吸収するため、石油化学由来の原料と比較すると大幅なＣＯ２の削減に貢献します。買い物客に有償でお渡しすることも考慮し、本体１枚１枚にパッケージとは異なるＪＡＮコードを印字してあります。","レジ袋 バイオハンドハイパー M グレイスフル",,,"4901755459388",,"MRO"
"4901755459395","4901755459395","S110521770","006905512","HEIKO","生物由来の有機資源を原料としたバイオマス成分を２５％含んだレジ袋です。淡い無数のバラのシルエットが上品なデザイン。バイオマスマーク取得済みで、「プラスチック製買物袋有料化制度」の対象外とすることが可能です。主原料のサトウキビは、育成時に光合成をして大気中のＣＯ２を吸収するため、石油化学由来の原料と比較すると大幅なＣＯ２の削減に貢献します。買い物客に有償でお渡しすることも考慮し、本体１枚１枚にパッケージとは異なるＪＡＮコードを印字してあります。","レジ袋 バイオハンドハイパー L グレイスフル",,,"4901755459395",,"MRO"
"4560114770825","4560114770825","S110521770","008713015","エスパック","商品を真ん中に置いて持ち上げるだけで、ケータリングバッグに。多角形でも切れ目に引っかかるので安定して包むことが可能です。カップドリンク･パン等に。","エコバッグ アミタイ SS　KPS-SS-4  ホワイト",,,"4560114770825",,"MRO"
"4560114770832","4560114770832","S110521770","008713016","エスパック","商品を真ん中に置いて持ち上げるだけで、ケータリングバッグに。多角形でも切れ目に引っかかるので安定して包むことが可能です。丼もの･市販弁当等に。","エコバッグ アミタイ S　KPS-S-4  ホワイト",,,"4560114770832",,"MRO"
"4560114770849","4560114770849","S110521770","008713017","エスパック","商品を真ん中に置いて持ち上げるだけで、ケータリングバッグに。多角形でも切れ目に引っかかるので安定して包むことが可能です。丼もの･市販弁当等に。","エコバッグ アミタイ M　KPS-M-4  ホワイト",,,"4560114770849",,"MRO"
"4560114770856","4560114770856","S110521770","008713018","エスパック","商品を真ん中に置いて持ち上げるだけで、ケータリングバッグに。多角形でも切れ目に引っかかるので安定して包むことが可能です。2人前の寿司容器･8インチ程度のピザ等に。","エコバッグ アミタイ L　KPS-L-4  ホワイト",,,"4560114770856",,"MRO"
"4901755459487","4901755459487","S110521770","006905542","HEIKO","生物由来の有機資源を原料としたバイオマス成分を２５％含んだレジ袋です。オリーブをモチーフにしたナチュラルテイストのデザイン。バイオマスマーク取得済みで、「プラスチック製買物袋有料化制度」の対象外とすることが可能です。主原料のサトウキビは、育成時に光合成をして大気中のＣＯ２を吸収するため、石油化学由来の原料と比較すると大幅なＣＯ２の削減に貢献します。買い物客に有償でお渡しすることも考慮し、本体１枚１枚にパッケージとは異なるＪＡＮコードを印字してあります。","レジ袋 バイオハンドハイパー L オリーブガーデン",,,"4901755459487",,"MRO"
"4901755459401","4901755459401","S110521770","006905520","HEIKO","生物由来の有機資源を原料としたバイオマス成分を２５％含んだレジ袋です。半透明の地に白色で草花を散りばめたデザイン。バイオマスマーク取得済みで、「プラスチック製買物袋有料化制度」の対象外とすることが可能です。主原料のサトウキビは、育成時に光合成をして大気中のＣＯ２を吸収するため、石油化学由来の原料と比較すると大幅なＣＯ２の削減に貢献します。●両面印刷●ハンガータイプ●表面エンボス加工あり【印字内容】この袋はサトウキビ由来のバイオマス成分を２５％含んだレジ袋です。","レジ袋 バイオハンドハイパー S ホワイトリーフ",,,"4901755459401",,"MRO"
"4901755459418","4901755459418","S110521770","006905521","HEIKO","生物由来の有機資源を原料としたバイオマス成分を２５％含んだレジ袋です。半透明の地に白色で草花を散りばめたデザイン。バイオマスマーク取得済みで、「プラスチック製買物袋有料化制度」の対象外とすることが可能です。主原料のサトウキビは、育成時に光合成をして大気中のＣＯ２を吸収するため、石油化学由来の原料と比較すると大幅なＣＯ２の削減に貢献します。●両面印刷●ハンガータイプ●表面エンボス加工あり【印字内容】この袋はサトウキビ由来のバイオマス成分を２５％含んだレジ袋です。","レジ袋 バイオハンドハイパー M ホワイトリーフ",,,"4901755459418",,"MRO"
"4901755459425","4901755459425","S110521770","006905522","HEIKO","生物由来の有機資源を原料としたバイオマス成分を２５％含んだレジ袋です。半透明の地に白色で草花を散りばめたデザイン。バイオマスマーク取得済みで、「プラスチック製買物袋有料化制度」の対象外とすることが可能です。主原料のサトウキビは、育成時に光合成をして大気中のＣＯ２を吸収するため、石油化学由来の原料と比較すると大幅なＣＯ２の削減に貢献します。●両面印刷●ハンガータイプ●表面エンボス加工あり【印字内容】この袋はサトウキビ由来のバイオマス成分を２５％含んだレジ袋です。","レジ袋 バイオハンドハイパー L ホワイトリーフ",,,"4901755459425",,"MRO"
"4901755414929","4901755414929","S110521770","006905560","HEIKO","生物由来の有機資源を原料としたバイオマス成分を２５％含んだレジ袋です。日用品のイラストと英文を組み合わせた使いやすいデザインです。バイオマスマーク取得済みで、「プラスチック製買物袋有料化制度」の対象外とすることが可能です。主原料のサトウキビは、育成時に光合成をして大気中のＣＯ２を吸収するため、石油化学由来の原料と比較すると大幅なＣＯ２の削減に貢献します。買い物客に有償でお渡しすることも考慮し、本体１枚１枚にパッケージとは異なるＪＡＮコードを印字してあります。","レジ袋 バイオハンドハイパー S アタッチメント",,,"4901755414929",,"MRO"
"4901755414936","4901755414936","S110521770","006905561","HEIKO","生物由来の有機資源を原料としたバイオマス成分を２５％含んだレジ袋です。日用品のイラストと英文を組み合わせた使いやすいデザインです。バイオマスマーク取得済みで、「プラスチック製買物袋有料化制度」の対象外とすることが可能です。主原料のサトウキビは、育成時に光合成をして大気中のＣＯ２を吸収するため、石油化学由来の原料と比較すると大幅なＣＯ２の削減に貢献します。買い物客に有償でお渡しすることも考慮し、本体１枚１枚にパッケージとは異なるＪＡＮコードを印字してあります。","レジ袋 バイオハンドハイパー M アタッチメント",,,"4901755414936",,"MRO"
"4901755414943","4901755414943","S110521770","006905562","HEIKO","生物由来の有機資源を原料としたバイオマス成分を２５％含んだレジ袋です。日用品のイラストと英文を組み合わせた使いやすいデザインです。バイオマスマーク取得済みで、「プラスチック製買物袋有料化制度」の対象外とすることが可能です。主原料のサトウキビは、育成時に光合成をして大気中のＣＯ２を吸収するため、石油化学由来の原料と比較すると大幅なＣＯ２の削減に貢献します。買い物客に有償でお渡しすることも考慮し、本体１枚１枚にパッケージとは異なるＪＡＮコードを印字してあります。","レジ袋 バイオハンドハイパー L アタッチメント",,,"4901755414943",,"MRO"
"4901755415247","4901755415247","S110521770","006901947","HEIKO","生物由来の有機資源を原料としたバイオマス成分を25％含んだレジ袋です。ゆったり、たっぷりのビッグサイズ。中身が透けにくいシルバー色。バイオマスマーク取得済みで、「プラスチック製買物袋有料化制度」の対象外とすることが可能です。買い物客に有償でお渡しすることも考慮し、本体１枚１枚にパッケージとは異なるＪＡＮコードを印字してあります。●表面エンボス加工あり【印字内容】この袋はサトウキビ由来のバイオマス成分を25％含んだレジ袋です。「ＣＯ２排出量削減」や「石油資源の節約」に貢献しています。","レジ袋 バイオビッグハンド 50-75 シルバー",,,"4901755415247",,"MRO"
"4901755418002","4901755418002","S110521770","006695900","HEIKO","青果や鮮魚にお使い頂ける昔ながらの青色のポリ袋です｡紐付きで､フックなどに吊り下げ､引きちぎって取り出す仕様です｡食品衛生法規格基準適合商品です｡","野菜袋 1kg用 ",,,"4901755418002",,"MRO"
"4901755418026","4901755418026","S110521770","006695910","HEIKO","青果や鮮魚にお使い頂ける昔ながらの青色のポリ袋です｡紐付きで､フックなどに吊り下げ､引きちぎって取り出す仕様です｡食品衛生法規格基準適合商品です｡","野菜袋 2kg用 ",,,"4901755418026",,"MRO"
"4901755652802","4901755652802","S110521770","004247909","HEIKO","ドリンクを持ち運ぶことが出来る持ち手付ドリンクホルダー。持ち手は折りたたまれており、収納時かさばることはありません。７オンス以上の紙コップやプラスチックカップに対応しています。※カップにより、適合しない場合がございます。","Dカップハンドキャリーホルダー 4ヶ用  クラフト",,,"4901755652802",,"MRO"
"4901755658828","4901755658828","S110521770","004248043","HEIKO","中身が見えて美味しさがわかる窓付き食品箱です。ランチやサンドイッチ、フルーツなどを入れるのにおすすめです。組立式の商品です。※食品の長期保存には適しません。●電子レンジ使用可●オーブン使用不可","食品箱 ネオクラフト 窓付BOX S クラフト",,,"4901755658828",,"MRO"
"4909622740232","4909622740232","S110521770","002071021","古藤工業","基材に布を使用しゴム系の粘着剤を使用しておりますので、木材・金属・コンクリート等幅広い用途にお使い頂けます。また粗面への接着性も良好です。カーペットの固定、ポスターの掲示等に最適です。","Monf 布両面テープ 25×15 W-501",,,"4909622740232",,"MRO"
"4909622740539","4909622740539","S110521770","002071022","古藤工業","基材に布を使用しゴム系の粘着剤を使用しておりますので、木材・金属・コンクリート等幅広い用途にお使い頂けます。また粗面への接着性も良好です。カーペットの固定、ポスターの掲示等に最適です。","Monf 布両面テープ 50×15 W-501",,,"4909622740539",,"MRO"
"4901755414950","4901755414950","S110521770","006905570","HEIKO","生物由来の有機資源を原料としたバイオマス成分を２５％含んだレジ袋です。可愛いうさぎとくまのイラスト入りのポップなデザインです。バイオマスマーク取得済みで、「プラスチック製買物袋有料化制度」の対象外とすることが可能です。主原料のサトウキビは、育成時に光合成をして大気中のＣＯ２を吸収するため、石油化学由来の原料と比較すると大幅なＣＯ２の削減に貢献します。買い物客に有償でお渡しすることも考慮し、本体１枚１枚にパッケージとは異なるＪＡＮコードを印字してあります。","レジ袋 バイオハンドハイパー S プチフレンド",,,"4901755414950",,"MRO"
"4901755414967","4901755414967","S110521770","006905571","HEIKO","生物由来の有機資源を原料としたバイオマス成分を２５％含んだレジ袋です。可愛いうさぎとくまのイラスト入りのポップなデザインです。バイオマスマーク取得済みで、「プラスチック製買物袋有料化制度」の対象外とすることが可能です。主原料のサトウキビは、育成時に光合成をして大気中のＣＯ２を吸収するため、石油化学由来の原料と比較すると大幅なＣＯ２の削減に貢献します。買い物客に有償でお渡しすることも考慮し、本体１枚１枚にパッケージとは異なるＪＡＮコードを印字してあります。","レジ袋 バイオハンドハイパー M プチフレンド",,,"4901755414967",,"MRO"
"4901755414974","4901755414974","S110521770","006905572","HEIKO","生物由来の有機資源を原料としたバイオマス成分を２５％含んだレジ袋です。可愛いうさぎとくまのイラスト入りのポップなデザインです。バイオマスマーク取得済みで、「プラスチック製買物袋有料化制度」の対象外とすることが可能です。主原料のサトウキビは、育成時に光合成をして大気中のＣＯ２を吸収するため、石油化学由来の原料と比較すると大幅なＣＯ２の削減に貢献します。買い物客に有償でお渡しすることも考慮し、本体１枚１枚にパッケージとは異なるＪＡＮコードを印字してあります。","レジ袋 バイオハンドハイパー L プチフレンド",,,"4901755414974",,"MRO"
"4901755414981","4901755414981","S110521770","006905580","HEIKO","生物由来の有機資源を原料としたバイオマス成分を２５％含んだレジ袋です。中身が多少透けにくい濃い原反色にシンプルな文字が入っています。バイオマスマーク取得済みで、「プラスチック製買物袋有料化制度」の対象外とすることが可能です。主原料のサトウキビは、育成時に光合成をして大気中のＣＯ２を吸収するため、石油化学由来の原料と比較すると大幅なＣＯ２の削減に貢献します。●片面印刷●ハンガータイプ●表面エンボス加工あり【印字内容】この袋はサトウキビ由来のバイオマス成分を２５％含んだレジ袋です。","レジ袋 バイオハンドハイパー S スクリプト",,,"4901755414981",,"MRO"
"4901755414998","4901755414998","S110521770","006905581","HEIKO","生物由来の有機資源を原料としたバイオマス成分を２５％含んだレジ袋です。中身が多少透けにくい濃い原反色にシンプルな文字が入っています。バイオマスマーク取得済みで、「プラスチック製買物袋有料化制度」の対象外とすることが可能です。主原料のサトウキビは、育成時に光合成をして大気中のＣＯ２を吸収するため、石油化学由来の原料と比較すると大幅なＣＯ２の削減に貢献します。●片面印刷●ハンガータイプ●表面エンボス加工あり【印字内容】この袋はサトウキビ由来のバイオマス成分を２５％含んだレジ袋です。","レジ袋 バイオハンドハイパー M スクリプト",,,"4901755414998",,"MRO"
"4901755415001","4901755415001","S110521770","006905582","HEIKO","生物由来の有機資源を原料としたバイオマス成分を２５％含んだレジ袋です。中身が多少透けにくい濃い原反色にシンプルな文字が入っています。バイオマスマーク取得済みで、「プラスチック製買物袋有料化制度」の対象外とすることが可能です。主原料のサトウキビは、育成時に光合成をして大気中のＣＯ２を吸収するため、石油化学由来の原料と比較すると大幅なＣＯ２の削減に貢献します。●片面印刷●ハンガータイプ●表面エンボス加工あり【印字内容】この袋はサトウキビ由来のバイオマス成分を２５％含んだレジ袋です。","レジ袋 バイオハンドハイパー L スクリプト",,,"4901755415001",,"MRO"
"4901755459371","4901755459371","S110521770","006905510","HEIKO","生物由来の有機資源を原料としたバイオマス成分を２５％含んだレジ袋です。淡い無数のバラのシルエットが上品なデザイン。バイオマスマーク取得済みで、「プラスチック製買物袋有料化制度」の対象外とすることが可能です。主原料のサトウキビは、育成時に光合成をして大気中のＣＯ２を吸収するため、石油化学由来の原料と比較すると大幅なＣＯ２の削減に貢献します。買い物客に有償でお渡しすることも考慮し、本体１枚１枚にパッケージとは異なるＪＡＮコードを印字してあります。","レジ袋 バイオハンドハイパー S グレイスフル",,,"4901755459371",,"MRO"
"4560114773529","4560114773529","S110521770","008713019","エスパック","商品を真ん中に置いて持ち上げるだけで、ケータリングバッグに。多角形でも切れ目に引っかかるので安定して包むことが可能です。寿司樽･オードブル･12インチ程度のピザ等に。","エコバッグ アミタイ LL　KPS-LL-4  ホワイト",,,"4560114773529",,"MRO"
"4901755349986","4901755349986","S110521770","003262620","HEIKO","もっとも汎用性の高い、プレーンな白無地の手提げ袋です。正面巾が同じ定番規格の3才と比較し、マチは広め、高さは低めに設計したサイズです。表面に艶のない、晒クラフト紙を使用しております。未使用時には紐が飛び出ていないため、在庫スペースにやさしい平紐タイプです。●手紐:平紐白","手提げ紙袋 25チャームバッグ 32-7平手 晒白無地",,,"4901755349986",,"MRO"
"4901755355376","4901755355376","S110521770","003267001","HEIKO","プレーンなクラフト紙の手提げ袋です。無地ものですので、さまざまな用途にご利用いただけます。高さを少し低めに設計した使いやすい平均的なサイズ。未使用時には紐が飛び出ていないため、在庫スペースにやさしい平紐タイプです。●手紐:平紐未晒","手提げ紙袋 25チャームバッグ 26-2平手 未晒無地",,,"4901755355376",,"MRO"
"4901755350289","4901755350289","S110521770","003262621","HEIKO","もっとも汎用性の高い、プレーンなクラフト紙の手提げ袋です。正面巾が同じ定番規格の3才と比較し、マチは広め、高さは低めに設計したサイズです。未使用時には紐が飛び出ていないため、在庫スペースにやさしい平紐タイプです。●手紐:平紐未晒","手提げ紙袋 25チャームバッグ 32-7平手 未晒無地",,,"4901755350289",,"MRO"
"4546848012226","4546848012226","S110521770","004514233","長井紙業","環境に配慮した木製のフォークです。完封ではありませんがクラフトの平袋に収納してありますので、テイクアウト需要にも対応します。袋には森林認証紙を使用。●入数:100本","木製フォーク 袋入 160mm",,,"4546848012226",,"MRO"
"4546848012219","4546848012219","S110521770","004514234","長井紙業","環境に配慮した木製のフォークスプーンです。完封ではありませんがクラフトの平袋に収納してありますので、テイクアウト需要にも対応します。袋には森林認証紙を使用。●入数:100本","木製フォークスプーン 袋入 160mm",,,"4546848012219",,"MRO"
"4546848012196","4546848012196","S110521770","004514235","長井紙業","環境に配慮した木製のナイフです。完封ではありませんがクラフトの平袋に収納してありますので、テイクアウト需要にも対応します。袋には森林認証紙を使用。●入数:100本","木製ナイフ 袋入 165mm",,,"4546848012196",,"MRO"
"4582525793897","4582525793897","S110521770","004514426","アサヒグリーン","「脱プラスチック」で環境保護･社会貢献を目指す木製スプーンです。柄の部分に窪みを付け、持ちやすくしたこだわりの一品。衛生的な完封袋入りです。●入数:100本","木製幅広スプーン 160mm 筋付き 5439",,,"4582525793897",,"MRO"
"4901755415216","4901755415216","S110521770","006901942","HEIKO","生物由来の有機資源を原料としたバイオマス成分を25％含んだレジ袋です。ゆったり、たっぷりのビッグサイズ。バイオマスマーク取得済みで、「プラスチック製買物袋有料化制度」の対象外とすることが可能です。買い物客に有償でお渡しすることも考慮し、本体１枚１枚にパッケージとは異なるＪＡＮコードを印字してあります。食品衛生法規格基準適合商品です。●表面エンボス加工あり【印字内容】この袋はサトウキビ由来のバイオマス成分を25％含んだレジ袋です。「ＣＯ２排出量削減」や「石油資源の節約」に貢献しています。","レジ袋 バイオビッグハンド 50-75 ナチュラル",,,"4901755415216",,"MRO"
"4901755415223","4901755415223","S110521770","006901945","HEIKO","生物由来の有機資源を原料としたバイオマス成分を25％含んだレジ袋です。ゆったり、たっぷりのビッグサイズ。中身が透けにくいシルバー色。バイオマスマーク取得済みで、「プラスチック製買物袋有料化制度」の対象外とすることが可能です。買い物客に有償でお渡しすることも考慮し、本体１枚１枚にパッケージとは異なるＪＡＮコードを印字してあります。●表面エンボス加工あり【印字内容】この袋はサトウキビ由来のバイオマス成分を25％含んだレジ袋です。「ＣＯ２排出量削減」や「石油資源の節約」に貢献しています。","レジ袋 バイオビッグハンド 36-80 シルバー",,,"4901755415223",,"MRO"
"4901755415230","4901755415230","S110521770","006901946","HEIKO","生物由来の有機資源を原料としたバイオマス成分を25％含んだレジ袋です。ゆったり、たっぷりのビッグサイズ。中身が透けにくいシルバー色。バイオマスマーク取得済みで、「プラスチック製買物袋有料化制度」の対象外とすることが可能です。買い物客に有償でお渡しすることも考慮し、本体１枚１枚にパッケージとは異なるＪＡＮコードを印字してあります。●表面エンボス加工あり【印字内容】この袋はサトウキビ由来のバイオマス成分を25％含んだレジ袋です。「ＣＯ２排出量削減」や「石油資源の節約」に貢献しています。","レジ袋 バイオビッグハンド 40-60 シルバー",,,"4901755415230",,"MRO"
"4901755331127","4901755331127","S110521770","004054401","HEIKO","上品で穏やかな和風柄が魅力的なマチ幅の広い定番の角底袋です。ファンシーバッグよりもマチ巾が広く、雑貨等を入れるのに適した廉価な袋です。柄やサイズのバリエーションも豊富です。衣料･雑貨など幅広くご利用いただけます。","角底袋 No.4 麻の葉文様",,,"4901755331127",,"MRO"
"4560258412087","4560258412087","S110521770","004539095","スマイル","モデレカップオンス専用紙製リッドです。「OPEN」の印字があるタブは裏面が粘着仕様のため、引っ張った状態で留めることができるリフトアップタイプです。","紙コップ モデレカップ用 紙製リッド 16オンス用 白",,,"4560258412087",,"MRO"
"4901755404494","4901755404494","S110521770","006630010","HEIKO","ばんじゅう容器を効率よく繰り返し、かつ衛生的に活用するためのポリ袋です。サイドガゼット付き。食品衛生法規格基準適合商品です。","ポリ袋 ばんじゅう用 S ブルー",,,"4901755404494",,"MRO"
"4901755404531","4901755404531","S110521770","006630011","HEIKO","ばんじゅう容器を効率よく繰り返し、かつ衛生的に活用するためのポリ袋です。サイドガゼット付き。食品衛生法規格基準適合商品です。","ポリ袋 ばんじゅう用 M ブルー",,,"4901755404531",,"MRO"
"4901755404678","4901755404678","S110521770","006630012","HEIKO","ばんじゅう容器を効率よく繰り返し、かつ衛生的に活用するためのポリ袋です。サイドガゼット付き。食品衛生法規格基準適合商品です。","ポリ袋 ばんじゅう用 L ブルー",,,"4901755404678",,"MRO"
"4901755404685","4901755404685","S110521770","006630013","HEIKO","コンテナ容器を効率よく繰り返し、かつ衛生的に活用するためのポリ袋です。サイドガゼット付き。食品衛生法規格基準適合商品です。","ポリ袋 コンテナ用 ワンサイズ ブルー",,,"4901755404685",,"MRO"
"4901755404692","4901755404692","S110521770","006630015","HEIKO","食品用の半折ポリシートです。コンテナ･ばんじゅうの内側に敷いて汚れを防いだり、製品の上に掛けて乾燥を防ぐなど、幅広い用途としてお使い頂けます。食品衛生法規格基準適合商品です。","片開きシート 800角 ナチュラル",,,"4901755404692",,"MRO"
"4901755404708","4901755404708","S110521770","006630016","HEIKO","食品用の半折ポリシートです。コンテナ･ばんじゅうの内側に敷いて汚れを防いだり、製品の上に掛けて乾燥を防ぐなど、幅広い用途としてお使い頂けます。食品衛生法規格基準適合商品です。","片開きシート 900角 ナチュラル",,,"4901755404708",,"MRO"
"4901755404715","4901755404715","S110521770","006630017","HEIKO","食品用の半折ポリシートです。コンテナ･ばんじゅうの内側に敷いて汚れを防いだり、製品の上に掛けて乾燥を防ぐなど、幅広い用途としてお使い頂けます。食品衛生法規格基準適合商品です。","片開きシート 1000角 ナチュラル",,,"4901755404715",,"MRO"
"4901755404746","4901755404746","S110521770","006630020","HEIKO","食品用の半折ポリシートです。コンテナ･ばんじゅうの内側に敷いて汚れを防いだり、製品の上に掛けて乾燥を防ぐなど、幅広い用途としてお使い頂けます。食品衛生法規格基準適合商品です。","片開きシート 800角 ブルー",,,"4901755404746",,"MRO"
"4901755404753","4901755404753","S110521770","006630021","HEIKO","食品用の半折ポリシートです。コンテナ･ばんじゅうの内側に敷いて汚れを防いだり、製品の上に掛けて乾燥を防ぐなど、幅広い用途としてお使い頂けます。食品衛生法規格基準適合商品です。","片開きシート 900角 ブルー",,,"4901755404753",,"MRO"
"4901755404777","4901755404777","S110521770","006630022","HEIKO","食品用の半折ポリシートです。コンテナ･ばんじゅうの内側に敷いて汚れを防いだり、製品の上に掛けて乾燥を防ぐなど、幅広い用途としてお使い頂けます。食品衛生法規格基準適合商品です。","片開きシート 1000角 ブルー",,,"4901755404777",,"MRO"
"4901755404784","4901755404784","S110521770","006630030","HEIKO","ばんじゅう容器を効率よく繰り返し、かつ衛生的に活用するためのポリ袋です。サイドガゼット付き。食品衛生法規格基準適合商品です。","ポリ袋 ばんじゅう用 S ナチュラル",,,"4901755404784",,"MRO"
"4901755404791","4901755404791","S110521770","006630031","HEIKO","ばんじゅう容器を効率よく繰り返し、かつ衛生的に活用するためのポリ袋です。サイドガゼット付き。食品衛生法規格基準適合商品です。","ポリ袋 ばんじゅう用 M ナチュラル",,,"4901755404791",,"MRO"
"4901755404807","4901755404807","S110521770","006630032","HEIKO","ばんじゅう容器を効率よく繰り返し、かつ衛生的に活用するためのポリ袋です。サイドガゼット付き。食品衛生法規格基準適合商品です。","ポリ袋 ばんじゅう用 L ナチュラル",,,"4901755404807",,"MRO"
"4580553825870","4580553825870","S110521770","004464308","エースパック","カフェで、お家で映える紙製テイクアウト容器「カフェキュートボックス」の中皿フタです。別売の本体･中皿と組み合わせて、ご飯や麺類と具材を分けて盛ることが出来ます。中皿フタはボタン嵌合で紙容器にパチンと止まります。●電子レンジ使用不可●オーブン使用不可●耐熱温度:90℃●入数:100枚","テイクアウト容器 カフェキュートボックス 中皿フタ  クリア",,,"4580553825870",,"MRO"
"4901755671391","4901755671391","S110521770","004514116","HEIKO","天然の木材を使用し燃えるゴミとして廃棄できる、環境に配慮したスプーンです。テイクアウト、お弁当、アウトドア、バザー、イベントなどにおすすめです。1本ずつ個包装されているので衛生的です。●入数:100本","木製スプーン 160mm未晒紙完封",,,"4901755671391",,"MRO"
"4901755671407","4901755671407","S110521770","004514117","HEIKO","天然の木材を使用し燃えるゴミとして廃棄できる、環境に配慮したフォークです。テイクアウト、お弁当、アウトドア、バザー、イベントなどにおすすめです。1本ずつ個包装されているので衛生的です。●入数:100本","木製フォーク 160mm未晒紙完封",,,"4901755671407",,"MRO"
"4901755671421","4901755671421","S110521770","004514118","HEIKO","天然の木材を使用し燃えるゴミとして廃棄できる、環境に配慮したフォークスプーンです。テイクアウト、お弁当、アウトドア、バザー、イベントなどにおすすめです。1本ずつ個包装されているので衛生的です。●入数:100本","木製フォークスプーン 160mm未晒紙完封",,,"4901755671421",,"MRO"
"4901755671438","4901755671438","S110521770","004514119","HEIKO","天然の木材を使用し燃えるゴミとして廃棄できる、環境に配慮したナイフです。テイクアウト、お弁当、アウトドア、バザー、イベントなどにおすすめです。1本ずつ個包装されているので衛生的です。●入数:100本","木製ナイフ 165mm未晒紙完封",,,"4901755671438",,"MRO"
"4546848012202","4546848012202","S110521770","004514232","長井紙業","環境に配慮した木製のスプーンです。完封ではありませんがクラフトの平袋に収納してありますので、テイクアウト需要にも対応します。袋には森林認証紙を使用。●入数:100本","木製スプーン 袋入 160mm",,,"4546848012202",,"MRO"
"4582525793859","4582525793859","S110521770","004514427","アサヒグリーン","「脱プラスチック」で環境保護･社会貢献を目指す木製カトラリーです。スプーン･フォーク･ナイフの3点セット。衛生的な完封袋入りです。●入数:50セット","木製カトラリー3点セット 160mm 5438",,,"4582525793859",,"MRO"
"4582525793842","4582525793842","S110521770","004514428","アサヒグリーン","「脱プラスチック」で環境保護･社会貢献を目指す木製カトラリーです。スプーン･フォーク･ナイフの3点セット。衛生的な完封袋入りです。●入数:50セット","木製カトラリー3点セット 140mm 5437",,,"4582525793842",,"MRO"
"4580736800229","4580736800229","S110521770","004636579","北海製箸","箸袋入りの利久箸と、袋入り楊枝がPP袋に封入されたセットです。外側のポケットに別売の紙おしぼり平を差し込めば3点セットにすることができます。開封用のミシン目が付いています。●入数:100セット","利久箸･楊枝2点セット おしぼりポケット付 ",,,"4580736800229",,"MRO"
"4580736800014","4580736800014","S110521770","004636580","北海製箸","割箸･楊枝･紙ナプキンの3点が、未晒の袋に封入されたセットです。●入数:50セット","割箸･楊枝･紙ナプキン3点セット  ",,,"4580736800014",,"MRO"
"4902011732078","4902011732078","S110521770","004747807","大王製紙","高濃度アルコール+ポリアミノプロピルビグアニドを配合したシートで、身のまわりのものに付着したウイルスや菌をふき取り除去します。速乾性が高く、拭き取り跡が残りにくいです。アロエエキス配合。かさばらず、持ち運びに便利な携帯用。外出先での汚れ落としに、身のまわりのものに、旅行･アウトドアに。","エリエール 除菌できるアルコールタオル 携帯用 32枚 ",,,"4902011732078",,"MRO"
"4547234400016","4547234400016","S110521770","004747809","シモジマ","バージンパルプ100%のペーパータオルです。表面エンボス加工あり、蛍光塗料不使用です。台所周り、手拭き、テーブル回り、車用品など様々な用途で幅広く使用できます。●入数:150枚","ペーパータオル 150枚 ",,,"4547234400016",,"MRO"
"4903652001776","4903652001776","S110521770","004759018","ネクスタ","自立するので生ゴミが入れやすく、三角コーナーが不要の水切り袋です。濡れても破れにくい耐水紙を使用。フィィルム貼り加工をしていないので燃えるゴミとして捨てられます。シンクに彩る爽やかなベジタブル柄。●入数:20枚","紙製水切りゴミ袋 20枚 ベジタブル柄エコ",,,"4903652001776",,"MRO"
"4903652001882","4903652001882","S110521770","004759019","ネクスタ","自立するので生ゴミが入れやすく、三角コーナーが不要の水切り袋です。底面にメッシュ素材を使用しているので水切れ抜群です。シンクに映える爽やかなリーフ柄を印刷しています。●入数:20枚","自立型水切りゴミ袋 底面メッシュ 20枚 リーフ柄",,,"4903652001882",,"MRO"
"4903652000014","4903652000014","S110521770","004759020","ネクスタ","自立するので生ゴミが入れやすく、三角コーナーが不要の水切り袋です。少量のゴミ処理に最適なサイズです。穴あきタイプでしっかり水切り。爽やかなオレンジの花柄を印刷しています。●入数:30枚","水切り袋 ごみっこポイ スタンドタイプE 30枚 オレンジ",,,"4903652000014",,"MRO"
"4903652243015","4903652243015","S110521770","004759021","ネクスタ","自立するので生ゴミが入れやすく、三角コーナーが不要の水切り袋です。シンクのコーナー置きに適したサイズとなっています。穴あきタイプでしっかり水切り。爽やかなブルーの花柄を印刷しています。●入数:30枚","水切り袋 ごみっこポイ スタンドタイプE 30枚 ブルー",,,"4903652243015",,"MRO"
"4903652001189","4903652001189","S110521770","004759022","ネクスタ","伸縮性のあるストッキング素材を使用した水切りゴミ袋です。深型排水カゴや三角コーナーにセットすることが可能な兼用タイプ。口ゴム付で排水カゴや三角コーナーにピッタリフィットします。100枚入ったお徳用商品となっています。","水切りゴミ袋 排水口･三角コーナー兼用 100枚 NSB-100",,,"4903652001189",,"MRO"
"4903652001172","4903652001172","S110521770","004759023","ネクスタ","伸縮性のあるストッキング素材を使用した水切りゴミ袋です。浅型排水カゴににセットすることが可能な浅型排水口専用タイプ。口ゴム付で排水カゴにピッタリフィットします。100枚入ったお徳用商品となっています。","水切りゴミ袋 浅型排水口用 100枚 ASB-100",,,"4903652001172",,"MRO"
"4560258448925","4560258448925","S110521770","004771000","スマイル","幅広いシーンで使用される簡易スリッパです。底面はEVAで滑りにくい仕様です。医療機関やホテル、マッサージ店などのサービスに。1足ずつポリ包装されており、包装には「お客様専用の使いきりスリッパです。ご使用後はご自由にお持ち帰りください。」の印字と、同じ内容の英語表記が印刷されてます。●入数:10足","使いきり不織布スリッパ 10足入り ",,,"4560258448925",,"MRO"
"4560258448765","4560258448765","S110521770","004771010","スマイル","ふんわり柔らかい起毛タイプの使いきりスリッパです。医療機関やホテル、マッサージ店などのワンランク上のおもてなしに。1足ずつポリ包装されており、包装には「お客様の専用スリッパです。ご使用後はご自由にお持ち帰りください。」の印字と、同じ内容の英語･韓国語･中国語(簡体字･繁体字)表記が印刷されてます。●入数:5足","使いきり起毛スリッパ 5足入り ",,,"4560258448765",,"MRO"
"4901755464429","4901755464429","S110521770","006638333","HEIKO","フィルム材質が厚み0.05mmのレジ袋です。「プラスチック製買物袋有料化制度」の対象外とすることが可能です。本体1枚1枚に厚みのある丈夫な袋であることを明記すると共に、買い物客に有償でお渡しすることも考慮してパッケージとは異なるJANコードを印字してあります。ソフトタイプで透明に近いため、中身がよく見えます。細長い商品やフラワーアレンジメントのお持ち帰りに最適なロングタイプです。●入数:50枚【印字内容】この袋の厚みは50マイクロメートル(ミクロン)以上です。ご使用後も繰り返し袋としてご利用下さい。","レジ袋 LDハンドハイパー 15-65 透明 表記入り",,,"4901755464429",,"MRO"
"4901755464436","4901755464436","S110521770","006638334","HEIKO","フィルム材質が厚み0.05mmのレジ袋です。「プラスチック製買物袋有料化制度」の対象外とすることが可能です。本体1枚1枚に厚みのある丈夫な袋であることを明記すると共に、買い物客に有償でお渡しすることも考慮してパッケージとは異なるJANコードを印字してあります。ソフトタイプで透明に近いため、中身がよく見えます。細長い商品やフラワーアレンジメントのお持ち帰りに最適なロングタイプです。●入数:50枚【印字内容】この袋の厚みは50マイクロメートル(ミクロン)以上です。ご使用後も繰り返し袋としてご利用下さい。","レジ袋 LDハンドハイパー 26-50 透明 表記入り",,,"4901755464436",,"MRO"
"4901755464443","4901755464443","S110521770","006638335","HEIKO","フィルム材質が厚み0.05mmのレジ袋です。「プラスチック製買物袋有料化制度」の対象外とすることが可能です。本体1枚1枚に厚みのある丈夫な袋であることを明記すると共に、買い物客に有償でお渡しすることも考慮してパッケージとは異なるJANコードを印字してあります。ソフトタイプで透明に近いため、中身がよく見えます。細長い商品やフラワーアレンジメントのお持ち帰りに最適なロングタイプです。●入数:50枚【印字内容】この袋の厚みは50マイクロメートル(ミクロン)以上です。ご使用後も繰り返し袋としてご利用下さい。","レジ袋 LDハンドハイパー 35-60 透明 表記入り",,,"4901755464443",,"MRO"
"4901755446340","4901755446340","S110521770","006762905","HEIKO","生花を入れて上部をヒートシールし、逆止弁から空気を入れて使用します。飲料・食品の冷蔵ケースで食品と一緒に生花を販売するために作られたパッケージです。","エアフルール ボトルサイズS レース ピンク",,,"4901755446340",,"MRO"
"4547432000155","4547432000155","S110521770","008742000","SWAN","ホールケーキのお持ち帰りなどに活躍する保冷バッグです。ホールケーキ5号用。底ボール入り、保冷剤を入れることが可能な内ポケット付きです。※用途によって保冷剤をご利用いただくと保冷効果が高まります。●入数:5枚","不織布保冷バッグ S ブラウン",,,"4547432000155",,"MRO"
"4547432000162","4547432000162","S110521770","008742001","SWAN","ホールケーキのお持ち帰りなどに活躍する保冷バッグです。ホールケーキ6号用。底ボール入り、保冷剤を入れることが可能な内ポケット付きです。※用途によって保冷剤をご利用いただくと保冷効果が高まります。●入数:5枚","不織布保冷バッグ M ブラウン",,,"4547432000162",,"MRO"
"0026521962221","0026521962221","S110521770","001460953","シモジマ","ハサミなどでしごくと、くるくるとカールする細身のリボンです。複数の色を組み合わせたり、別のリボンにプラスしてラッピングすると、格段にゴージャスに仕上がります。たっぷり457mの業務用商品です。","スプレンドレットリボン 業務用 5×457 252 スカーレット",,,"0026521962221",,"MRO"
"0026521962818","0026521962818","S110521770","001460961","シモジマ","ハサミなどでしごくと、くるくるとカールする細身のリボンです。複数の色を組み合わせたり、別のリボンにプラスしてラッピングすると、格段にゴージャスに仕上がります。たっぷり457mの業務用商品です。","スプレンドレットリボン 業務用 5×457 262 バーガンディー",,,"0026521962818",,"MRO"
"4901755111422","4901755111422","S110521770","001410052","HEIKO","ワンタッチで美しいボウができあがります。中央の2本のたれをカーリングさせて、華やかに仕上げましょう。 完成サイズ:約60×80mm 50本入","リボンボウ 15mm巾 スカーレット",,,"4901755111422",,"MRO"
"4901755111446","4901755111446","S110521770","001410152","HEIKO","ワンタッチで美しいボウができあがります。中央の2本のたれをカーリングさせて、華やかに仕上げましょう。 完成サイズ:約90×150mm 50本入","リボンボウ 22mm巾 スカーレット",,,"4901755111446",,"MRO"
"4901755111491","4901755111491","S110521770","001410252","HEIKO","ワンタッチで美しいボウができあがります。中央の2本のたれをカーリングさせて、華やかに仕上げましょう。 完成サイズ:約130×190mm 50本入","リボンボウ 36mm巾 スカーレット",,,"4901755111491",,"MRO"
"4901755111811","4901755111811","S110521770","006655810","キョーラク","袋やフタを開封せずにそのまま電子レンジでの加熱･ボイル調理ができる、画期的な食品包装シリーズです。一般的なチルド食品等の温めに使用できる汎用タイプです。自立するスタンドタイプです。●内容量:約200ml●主な用途:米飯･麺類･惣菜各種･煮物･ミートボール●ボイル条件:90℃30分まで●入数:50枚","EMCバッグ イージーマイクッカー スタンド汎用タイプ No.1 ",,,"4901755111811",,"MRO"
"4547432186019","4547432186019","S110521770","002008011","SWAN","手で簡単に切れる作業性の良い養生テープです。引き出しが軽く、糊残りが少ないのも特長です。養生・仮止めなど様々な用途で使用できます。●１個ピロー包装","養生テープ 50×25 緑",,,"4547432186019",,"MRO"
"4547432186026","4547432186026","S110521770","002008012","SWAN","手で簡単に切れる作業性の良い養生テープです。引き出しが軽く、糊残りが少ないのも特長です。養生・仮止めなど様々な用途で使用できます。●１個ピロー包装","養生テープ 50×25 半透明",,,"4547432186026",,"MRO"
"4901755355819","4901755355819","S110521770","004023100","HEIKO","冷蔵商品のテイクアウトに！内側アルミフィルム加工し紙袋に保冷機能をプラス。","紙製保冷角底袋 S 白",,,"4901755355819",,"MRO"
"4901755355826","4901755355826","S110521770","004023200","HEIKO","冷蔵商品のテイクアウトに！内側アルミフィルム加工し紙袋に保冷機能をプラス。","紙製保冷角底袋 M 白",,,"4901755355826",,"MRO"
"4901755404401","4901755404401","S110521770","006629500","HEIKO","食肉の業務包装用に最適です。強度に優れた材質です。","ミートポリ 5kg用 紐付 ",,,"4901755404401",,"MRO"
"4901755404418","4901755404418","S110521770","006629501","HEIKO","食肉の業務包装用に最適です。強度に優れた材質です。","ミートポリ 10kg用 紐付 ",,,"4901755404418",,"MRO"
"4901755404425","4901755404425","S110521770","006629502","HEIKO","食肉の業務包装用に最適です。強度に優れた材質です。","ミートポリ 15kg用 紐付 ",,,"4901755404425",,"MRO"
"4901755404432","4901755404432","S110521770","006629503","HEIKO","食肉の業務包装用に最適です。強度に優れた材質です。","ミートポリ 20kg用 紐付 ",,,"4901755404432",,"MRO"
"4901755404449","4901755404449","S110521770","006629504","HEIKO","食肉の業務包装用に最適です。強度に優れた材質です。","ミートポリ 20kg用ロング 紐付 ",,,"4901755404449",,"MRO"
"4901755415117","4901755415117","S110521770","006901925","HEIKO","生物由来の有機資源を原料としたバイオマス成分を25％含んだレジ袋です。中身が透けにくい黒色。バイオマスマーク取得済みで、「プラスチック製買物袋有料化制度」の対象外とすることが可能です。東日本１２号／西日本３０号に準じた規格となりますが、サイズは若干異なりますのでご注意ください。●ハンガータイプ●表面エンボス加工あり●容量の目安：缶コーヒー１９０ｍｌ×６本【印字内容】この袋はサトウキビ由来のバイオマス成分を25％含んだレジ袋です。「ＣＯ２排出量削減」や「石油資源の節約」に貢献しています。","レジ袋 バイオハンドハイパー S ブラック",,,"4901755415117",,"MRO"
"4901755415124","4901755415124","S110521770","006901926","HEIKO","生物由来の有機資源を原料としたバイオマス成分を25％含んだレジ袋です。中身が透けにくい黒色。バイオマスマーク取得済みで、「プラスチック製買物袋有料化制度」の対象外とすることが可能です。東日本２０号／西日本３５号に準じた規格となりますが、サイズは若干異なりますのでご注意ください。●ハンガータイプ●表面エンボス加工あり●容量の目安：トイレットペーパー４ロール×１パック【印字内容】この袋はサトウキビ由来のバイオマス成分を25％含んだレジ袋です。「ＣＯ２排出量削減」や「石油資源の節約」に貢献しています。","レジ袋 バイオハンドハイパー M ブラック",,,"4901755415124",,"MRO"
"4901755415131","4901755415131","S110521770","006901927","HEIKO","生物由来の有機資源を原料としたバイオマス成分を25％含んだレジ袋です。中身が透けにくい黒色。バイオマスマーク取得済みで、「プラスチック製買物袋有料化制度」の対象外とすることが可能です。東日本３０号／西日本４０号に準じた規格となりますが、サイズは若干異なりますのでご注意ください。●ハンガータイプ●表面エンボス加工あり●容量の目安：牛乳パック１Ｌ×４本【印字内容】この袋はサトウキビ由来のバイオマス成分を25％含んだレジ袋です。「ＣＯ２排出量削減」や「石油資源の節約」に貢献しています。","レジ袋 バイオハンドハイパー L ブラック",,,"4901755415131",,"MRO"
"4901755415148","4901755415148","S110521770","006901928","HEIKO","生物由来の有機資源を原料としたバイオマス成分を25％含んだレジ袋です。中身が透けにくい黒色。バイオマスマーク取得済みで、「プラスチック製買物袋有料化制度」の対象外とすることが可能です。東日本４５号／西日本４５号に準じた規格となりますが、サイズは若干異なりますのでご注意ください。●ハンガータイプ●表面エンボス加工あり●容量の目安：ペットボトル飲料２Ｌ×３本【印字内容】この袋はサトウキビ由来のバイオマス成分を25％含んだレジ袋です。「ＣＯ２排出量削減」や「石油資源の節約」に貢献しています。","レジ袋 バイオハンドハイパー LL ブラック",,,"4901755415148",,"MRO"
"4901755415155","4901755415155","S110521770","006901930","HEIKO","生物由来の有機資源を原料としたバイオマス成分を25％含んだレジ袋です。中身が透けにくい紺色。バイオマスマーク取得済みで、「プラスチック製買物袋有料化制度」の対象外とすることが可能です。東日本１２号／西日本３０号に準じた規格となりますが、サイズは若干異なりますのでご注意ください。●ハンガータイプ●表面エンボス加工あり●容量の目安：缶コーヒー１９０ｍｌ×６本【印字内容】この袋はサトウキビ由来のバイオマス成分を25％含んだレジ袋です。「ＣＯ２排出量削減」や「石油資源の節約」に貢献しています。","レジ袋 バイオハンドハイパー S ネイビー",,,"4901755415155",,"MRO"
"4901755415162","4901755415162","S110521770","006901931","HEIKO","生物由来の有機資源を原料としたバイオマス成分を25％含んだレジ袋です。中身が透けにくい紺色。バイオマスマーク取得済みで、「プラスチック製買物袋有料化制度」の対象外とすることが可能です。東日本２０号／西日本３５号に準じた規格となりますが、サイズは若干異なりますのでご注意ください。●ハンガータイプ●表面エンボス加工あり●容量の目安：トイレットペーパー４ロール×１パック【印字内容】この袋はサトウキビ由来のバイオマス成分を25％含んだレジ袋です。「ＣＯ２排出量削減」や「石油資源の節約」に貢献しています。","レジ袋 バイオハンドハイパー M ネイビー",,,"4901755415162",,"MRO"
"4901755415179","4901755415179","S110521770","006901932","HEIKO","生物由来の有機資源を原料としたバイオマス成分を25％含んだレジ袋です。中身が透けにくい紺色。バイオマスマーク取得済みで、「プラスチック製買物袋有料化制度」の対象外とすることが可能です。東日本３０号／西日本４０号に準じた規格となりますが、サイズは若干異なりますのでご注意ください。●ハンガータイプ●表面エンボス加工あり●容量の目安：牛乳パック１Ｌ×４本【印字内容】この袋はサトウキビ由来のバイオマス成分を25％含んだレジ袋です。「ＣＯ２排出量削減」や「石油資源の節約」に貢献しています。","レジ袋 バイオハンドハイパー L ネイビー",,,"4901755415179",,"MRO"
"4901755415186","4901755415186","S110521770","006901933","HEIKO","生物由来の有機資源を原料としたバイオマス成分を25％含んだレジ袋です。中身が透けにくい紺色。バイオマスマーク取得済みで、「プラスチック製買物袋有料化制度」の対象外とすることが可能です。東日本４５号／西日本４５号に準じた規格となりますが、サイズは若干異なりますのでご注意ください。●ハンガータイプ●表面エンボス加工あり●容量の目安：ペットボトル飲料２Ｌ×３本【印字内容】この袋はサトウキビ由来のバイオマス成分を25％含んだレジ袋です。「ＣＯ２排出量削減」や「石油資源の節約」に貢献しています。","レジ袋 バイオハンドハイパー LL ネイビー",,,"4901755415186",,"MRO"
"4901755415193","4901755415193","S110521770","006901940","HEIKO","生物由来の有機資源を原料としたバイオマス成分を25％含んだレジ袋です。ゆったり、たっぷりのビッグサイズ。バイオマスマーク取得済みで、「プラスチック製買物袋有料化制度」の対象外とすることが可能です。買い物客に有償でお渡しすることも考慮し、本体１枚１枚にパッケージとは異なるＪＡＮコードを印字してあります。食品衛生法規格基準適合商品です。●表面エンボス加工あり【印字内容】この袋はサトウキビ由来のバイオマス成分を25％含んだレジ袋です。「ＣＯ２排出量削減」や「石油資源の節約」に貢献しています。","レジ袋 バイオビッグハンド 36-80 ナチュラル",,,"4901755415193",,"MRO"
"4901755415209","4901755415209","S110521770","006901941","HEIKO","生物由来の有機資源を原料としたバイオマス成分を25％含んだレジ袋です。ゆったり、たっぷりのビッグサイズ。バイオマスマーク取得済みで、「プラスチック製買物袋有料化制度」の対象外とすることが可能です。買い物客に有償でお渡しすることも考慮し、本体１枚１枚にパッケージとは異なるＪＡＮコードを印字してあります。食品衛生法規格基準適合商品です。●表面エンボス加工あり【印字内容】この袋はサトウキビ由来のバイオマス成分を25％含んだレジ袋です。「ＣＯ２排出量削減」や「石油資源の節約」に貢献しています。","レジ袋 バイオビッグハンド 40-60 ナチュラル",,,"4901755415209",,"MRO"
"4901627073520","4901627073520","S110521770","004513704","サンナップ","個包装タイプのマドラースプーンです｡                                                                                                                                                                                                                                                                ","マドラースプーン 単袋 MD-100PBK 黒",,,"4901627073520",,"MRO"
"4901755442717","4901755442717","S110521770","006729003","HEIKO","カマス貼りと呼ばれる平袋タイプのポリ袋で､主に焼菓子などの包装に使用されます｡耐湿性の高いフィルムでお菓子を保護｡脱酸素剤との併用で､鮮度保持が可能です｡ヒートシーラーによるシール留めが可能です｡開封用のVノッチ(切り込み)あり｡食品衛生法規格基準適合商品です｡※必ず実装試験を行ってからご利用ください｡●乾燥剤:使用可●脱酸素材:使用可","スウィートパック K 13.5×17",,,"4901755442717",,"MRO"
"4901755442809","4901755442809","S110521770","006729004","HEIKO","カマス貼りと呼ばれる平袋タイプのポリ袋で､主に焼菓子などの包装に使用されます｡耐湿性の高いフィルムでお菓子を保護｡脱酸素剤との併用で､鮮度保持が可能です｡ヒートシーラーによるシール留めが可能です｡開封用のVノッチ(切り込み)あり｡食品衛生法規格基準適合商品です｡※必ず実装試験を行ってからご利用ください｡●乾燥剤:使用可●脱酸素材:使用可","スウィートパック K 15×18 ",,,"4901755442809",,"MRO"
"4901755442816","4901755442816","S110521770","006729005","HEIKO","カマス貼りと呼ばれる平袋タイプのポリ袋で､主に焼菓子などの包装に使用されます｡耐湿性の高いフィルムでお菓子を保護｡脱酸素剤との併用で､鮮度保持が可能です｡ヒートシーラーによるシール留めが可能です｡開封用のVノッチ(切り込み)あり｡食品衛生法規格基準適合商品です｡※必ず実装試験を行ってからご利用ください｡●乾燥剤:使用可●脱酸素材:使用可","スウィートパック K 18×20 ",,,"4901755442816",,"MRO"
"4901755648904","4901755648904","S110521770","004200400","HEIKO","材質を段ボールからカード紙に変更することで価格を下げ､お買い求め頂きやすくなりました｡みそ汁やスープカップ､デザートカップなどのテイクアウト用に便利｡口径70mm｡中央のミシン目をカットして2個用としても使用できます｡※カップにより､適合しない場合がございます｡","Dカップホルダー 4ヶ用 ホワイト",,,"4901755648904",,"MRO"
"4967151002801","4967151002801","S110521770","004544025","エムテートリマツ","マヨネーズ､ケチャップ､生クリームなどに｡使い方いろいろ｡耐熱温度:90℃","ディスペンサー 3ッ穴 270cc ",,,"4967151002801",,"MRO"
"4967151002818","4967151002818","S110521770","004544026","エムテートリマツ","マヨネーズ､ケチャップ､生クリームなどに｡使い方いろいろ｡耐熱温度:90℃","ディスペンサー 3ッ穴 400cc ",,,"4967151002818",,"MRO"
"4967151002856","4967151002856","S110521770","004544027","エムテートリマツ","マヨネーズ､ケチャップ､生クリームなどに｡使い方いろいろ｡耐熱温度:90℃","ディスペンサー 720cc 赤",,,"4967151002856",,"MRO"
"4967151002863","4967151002863","S110521770","004544028","エムテートリマツ","マヨネーズ､ケチャップ､生クリームなどに｡使い方いろいろ｡耐熱温度:90℃","ディスペンサー 720cc 白",,,"4967151002863",,"MRO"
"4967151002870","4967151002870","S110521770","004544029","エムテートリマツ","マヨネーズ､ケチャップ､生クリームなどに｡使い方いろいろ｡耐熱温度:90℃","ディスペンサー 720cc 黄",,,"4967151002870",,"MRO"
"4967151622313","4967151622313","S110521770","004789933","エムテートリマツ","マヨネーズ､ケチャップ､生クリームなどに｡使い方いろいろ｡耐熱温度:90℃","ディスペンサー 270cc 赤",,,"4967151622313",,"MRO"
"4967151622320","4967151622320","S110521770","004789934","エムテートリマツ","マヨネーズ､ケチャップ､生クリームなどに｡使い方いろいろ｡耐熱温度:90℃","ディスペンサー 270cc 白",,,"4967151622320",,"MRO"
"4967151622337","4967151622337","S110521770","004789935","エムテートリマツ","液体はもちろん､粘体のソース､ケチャップ､ホームメイドのドレッシング等に最適な万能ドレッシングキーパーです｡","ディスペンサー 270cc 黄",,,"4967151622337",,"MRO"
"4967151623716","4967151623716","S110521770","004544030","エムテートリマツ","マヨネーズ､ケチャップ､生クリームなどに｡使い方いろいろ｡耐熱温度:90℃","ディスペンサー 400cc 赤",,,"4967151623716",,"MRO"
"4967151623723","4967151623723","S110521770","004544031","エムテートリマツ","やわらかい本体を軽く押すと適量のしょうゆ･ソースが注げます｡","ディスペンサー 400cc 白",,,"4967151623723",,"MRO"
"4967151623730","4967151623730","S110521770","004544032","エムテートリマツ","やわらかい本体を軽く押すと適量のしょうゆ･ソースが注げます｡","ディスペンサー 400cc 黄",,,"4967151623730",,"MRO"
"4967151853618","4967151853618","S110521770","004789930","エムテートリマツ","マヨネーズ､ケチャップ､生クリームなどに｡使い方いろいろ｡耐熱温度:90℃","ディスペンサー 320cc 赤",,,"4967151853618",,"MRO"
"4978446003014","4978446003014","S110521770","004623467","まるき","黒文字で作られた高級感のある楊枝です｡","楊枝 黒文字楊枝 6cm",,,"4978446003014",,"MRO"
"4978446005568","4978446005568","S110521770","004636843","まるき","角型で先端が斜めカットしており柔らかい食材など回転しにくく安定します｡","おでん串 13.5cm",,,"4978446005568",,"MRO"
"4978446005599","4978446005599","S110521770","004636846","まるき","角型で先端が斜めカットしており柔らかい食材など回転しにくく安定します｡","おでん串 21cm",,,"4978446005599",,"MRO"
"6300021161","6300021161","S115841770","6300021161","室谷","中綿ベストにヒーターが付いているので着込まなくても暖かいです。アウターとしてもスーツやジャケットのインナーとしても着こなせます。ヒーターが取り外せるのでお洗濯可能です。小さくたたんで持ち運びに便利です。                                                                                                                                                                                                                                                                                                                                                                                                                                                                                                                                ","中綿ヒーターベスト　ブラック　Ｓ",,,"4573456981644",,"MRO"
"6300021162","6300021162","S115841770","6300021162","室谷","中綿ベストにヒーターが付いているので着込まなくても暖かいです。アウターとしてもスーツやジャケットのインナーとしても着こなせます。ヒーターが取り外せるのでお洗濯可能です。小さくたたんで持ち運びに便利です。","中綿ヒーターベスト　ブラック　Ｍ",,,"4573456981651",,"MRO"
"6300021163","6300021163","S115841770","6300021163","室谷","中綿ベストにヒーターが付いているので着込まなくても暖かいです。アウターとしてもスーツやジャケットのインナーとしても着こなせます。ヒーターが取り外せるのでお洗濯可能です。小さくたたんで持ち運びに便利です。","中綿ヒーターベスト　ブラック　Ｌ",,,"4573456981668",,"MRO"
"6300021164","6300021164","S115841770","6300021164","室谷","中綿ベストにヒーターが付いているので着込まなくても暖かいです。アウターとしてもスーツやジャケットのインナーとしても着こなせます。ヒーターが取り外せるのでお洗濯可能です。小さくたたんで持ち運びに便利です。","中綿ヒーターベスト　ブラック　ＬＬ",,,"4573456981675",,"MRO"
"6300021165","6300021165","S115841770","6300021165","室谷","中綿ベストにヒーターが付いているので着込まなくても暖かいです。アウターとしてもスーツやジャケットのインナーとしても着こなせます。ヒーターが取り外せるのでお洗濯可能です。小さくたたんで持ち運びに便利です。","中綿ヒーターベスト　ブラック　３Ｌ",,,"4573456981682",,"MRO"
"6300021166","6300021166","S115841770","6300021166","室谷","中綿ベストにヒーターが付いているので着込まなくても暖かいです。アウターとしてもスーツやジャケットのインナーとしても着こなせます。ヒーターが取り外せるのでお洗濯可能です。小さくたたんで持ち運びに便利です。","中綿ヒーターベスト　ネイビー　Ｓ",,,"4573456981743",,"MRO"
"6300021167","6300021167","S115841770","6300021167","室谷","中綿ベストにヒーターが付いているので着込まなくても暖かいです。アウターとしてもスーツやジャケットのインナーとしても着こなせます。ヒーターが取り外せるのでお洗濯可能です。小さくたたんで持ち運びに便利です。","中綿ヒーターベスト　ネイビー　Ｍ",,,"4573456981750",,"MRO"
"6300021168","6300021168","S115841770","6300021168","室谷","中綿ベストにヒーターが付いているので着込まなくても暖かいです。アウターとしてもスーツやジャケットのインナーとしても着こなせます。ヒーターが取り外せるのでお洗濯可能です。小さくたたんで持ち運びに便利です。","中綿ヒーターベスト　ネイビー　Ｌ",,,"4573456981767",,"MRO"
"6300021169","6300021169","S115841770","6300021169","室谷","中綿ベストにヒーターが付いているので着込まなくても暖かいです。アウターとしてもスーツやジャケットのインナーとしても着こなせます。ヒーターが取り外せるのでお洗濯可能です。小さくたたんで持ち運びに便利です。","中綿ヒーターベスト　ネイビー　ＬＬ",,,"4573456981774",,"MRO"
"6300021170","6300021170","S115841770","6300021170","室谷","中綿ベストにヒーターが付いているので着込まなくても暖かいです。アウターとしてもスーツやジャケットのインナーとしても着こなせます。ヒーターが取り外せるのでお洗濯可能です。小さくたたんで持ち運びに便利です。","中綿ヒーターベスト　ネイビー　３Ｌ",,,"4573456981781",,"MRO"
"6300021171","6300021171","S115841770","6300021171","室谷","中綿ベストにヒーターが付いているので着込まなくても暖かいです。アウターとしてもスーツやジャケットのインナーとしても着こなせます。ヒーターが取り外せるのでお洗濯可能です。小さくたたんで持ち運びに便利です。","中綿ヒーターベスト　デニムブルー　Ｓ",,,"4573456981699",,"MRO"
"6300021172","6300021172","S115841770","6300021172","室谷","中綿ベストにヒーターが付いているので着込まなくても暖かいです。アウターとしてもスーツやジャケットのインナーとしても着こなせます。ヒーターが取り外せるのでお洗濯可能です。小さくたたんで持ち運びに便利です。","中綿ヒーターベスト　デニムブルー　Ｍ",,,"4573456981705",,"MRO"
"6300021173","6300021173","S115841770","6300021173","室谷","中綿ベストにヒーターが付いているので着込まなくても暖かいです。アウターとしてもスーツやジャケットのインナーとしても着こなせます。ヒーターが取り外せるのでお洗濯可能です。小さくたたんで持ち運びに便利です。","中綿ヒーターベスト　デニムブルー　Ｌ",,,"4573456981712",,"MRO"
"6300021174","6300021174","S115841770","6300021174","室谷","中綿ベストにヒーターが付いているので着込まなくても暖かいです。アウターとしてもスーツやジャケットのインナーとしても着こなせます。ヒーターが取り外せるのでお洗濯可能です。小さくたたんで持ち運びに便利です。","中綿ヒーターベスト　デニムブルー　ＬＬ",,,"4573456981729",,"MRO"
"6300021175","6300021175","S115841770","6300021175","室谷","中綿ベストにヒーターが付いているので着込まなくても暖かいです。アウターとしてもスーツやジャケットのインナーとしても着こなせます。ヒーターが取り外せるのでお洗濯可能です。小さくたたんで持ち運びに便利です。","中綿ヒーターベスト　デニムブルー　３Ｌ",,,"4573456981736",,"MRO"
"6300021176","6300021176","S115841770","6300021176","室谷","中綿ベストにヒーターが付いているので着込まなくても暖かいです。アウターとしてもスーツやジャケットのインナーとしても着こなせます。ヒーターが取り外せるのでお洗濯可能です。小さくたたんで持ち運びに便利です。","ヒーターベストフルフラン　ブラック　Ｍ",,,"4573456981484",,"MRO"
"6300021177","6300021177","S115841770","6300021177","室谷","中綿ベストにヒーターが付いているので着込まなくても暖かいです。アウターとしてもスーツやジャケットのインナーとしても着こなせます。ヒーターが取り外せるのでお洗濯可能です。小さくたたんで持ち運びに便利です。","ヒーターベストフルフラン　ブラック　Ｌ",,,"4573456981491",,"MRO"
"6300021178","6300021178","S115841770","6300021178","室谷","中綿ベストにヒーターが付いているので着込まなくても暖かいです。アウターとしてもスーツやジャケットのインナーとしても着こなせます。ヒーターが取り外せるのでお洗濯可能です。小さくたたんで持ち運びに便利です。","ヒーターベストフルフラン　ブラック　ＬＬ",,,"4573456981507",,"MRO"
"6300021179","6300021179","S115841770","6300021179","室谷","中綿ベストにヒーターが付いているので着込まなくても暖かいです。アウターとしてもスーツやジャケットのインナーとしても着こなせます。ヒーターが取り外せるのでお洗濯可能です。小さくたたんで持ち運びに便利です。","ヒーターベストフルフラン　ブラック　３Ｌ",,,"4573456981514",,"MRO"
"6300021180","6300021180","S115841770","6300021180","室谷","中綿ベストにヒーターが付いているので着込まなくても暖かいです。アウターとしてもスーツやジャケットのインナーとしても着こなせます。ヒーターが取り外せるのでお洗濯可能です。小さくたたんで持ち運びに便利です。","ヒーターベストフルフラン　ネイビー　Ｍ",,,"4573456981521",,"MRO"
"6300021181","6300021181","S115841770","6300021181","室谷","中綿ベストにヒーターが付いているので着込まなくても暖かいです。アウターとしてもスーツやジャケットのインナーとしても着こなせます。ヒーターが取り外せるのでお洗濯可能です。小さくたたんで持ち運びに便利です。","ヒーターベストフルフラン　ネイビー　Ｌ",,,"4573456981538",,"MRO"
"6300021182","6300021182","S115841770","6300021182","室谷","中綿ベストにヒーターが付いているので着込まなくても暖かいです。アウターとしてもスーツやジャケットのインナーとしても着こなせます。ヒーターが取り外せるのでお洗濯可能です。小さくたたんで持ち運びに便利です。","ヒーターベストフルフラン　ネイビー　ＬＬ",,,"4573456981545",,"MRO"
"6300021183","6300021183","S115841770","6300021183","室谷","中綿ベストにヒーターが付いているので着込まなくても暖かいです。アウターとしてもスーツやジャケットのインナーとしても着こなせます。ヒーターが取り外せるのでお洗濯可能です。小さくたたんで持ち運びに便利です。","ヒーターベストフルフラン　ネイビー　３Ｌ",,,"4573456981552",,"MRO"
"6300021184","6300021184","S115841770","6300021184","室谷","中綿ベストにヒーターが付いているので着込まなくても暖かいです。アウターとしてもスーツやジャケットのインナーとしても着こなせます。ヒーターが取り外せるのでお洗濯可能です。小さくたたんで持ち運びに便利です。","ヒーターベストフルフラン　グレーチェック　Ｍ",,,"4573456981569",,"MRO"
"6300021185","6300021185","S115841770","6300021185","室谷","中綿ベストにヒーターが付いているので着込まなくても暖かいです。アウターとしてもスーツやジャケットのインナーとしても着こなせます。ヒーターが取り外せるのでお洗濯可能です。小さくたたんで持ち運びに便利です。","ヒーターベストフルフラン　グレーチェック　Ｌ",,,"4573456981576",,"MRO"
"6300021186","6300021186","S115841770","6300021186","室谷","中綿ベストにヒーターが付いているので着込まなくても暖かいです。アウターとしてもスーツやジャケットのインナーとしても着こなせます。ヒーターが取り外せるのでお洗濯可能です。小さくたたんで持ち運びに便利です。","ヒーターベストフルフラン　グレーチェック　ＬＬ",,,"4573456981583",,"MRO"
"6300021187","6300021187","S115841770","6300021187","室谷","中綿ベストにヒーターが付いているので着込まなくても暖かいです。アウターとしてもスーツやジャケットのインナーとしても着こなせます。ヒーターが取り外せるのでお洗濯可能です。小さくたたんで持ち運びに便利です。","ヒーターベストフルフラン　グレーチェック　３Ｌ",,,"4573456981590",,"MRO"
"6300021188","6300021188","S115841770","6300021188","室谷","中綿ベストにヒーターが付いているので着込まなくても暖かいです。アウターとしてもスーツやジャケットのインナーとしても着こなせます。ヒーターが取り外せるのでお洗濯可能です。小さくたたんで持ち運びに便利です。","ヒーターベストフルフラン　ネイビーチェック　Ｍ",,,"4573456981606",,"MRO"
"6300021189","6300021189","S115841770","6300021189","室谷","中綿ベストにヒーターが付いているので着込まなくても暖かいです。アウターとしてもスーツやジャケットのインナーとしても着こなせます。ヒーターが取り外せるのでお洗濯可能です。小さくたたんで持ち運びに便利です。","ヒーターベストフルフラン　ネイビーチェック　Ｌ",,,"4573456981613",,"MRO"
"6300021190","6300021190","S115841770","6300021190","室谷","中綿ベストにヒーターが付いているので着込まなくても暖かいです。アウターとしてもスーツやジャケットのインナーとしても着こなせます。ヒーターが取り外せるのでお洗濯可能です。小さくたたんで持ち運びに便利です。","ヒーターベストフルフラン　ネイビーチェック　ＬＬ",,,"4573456981620",,"MRO"
"6300021191","6300021191","S115841770","6300021191","室谷","中綿ベストにヒーターが付いているので着込まなくても暖かいです。アウターとしてもスーツやジャケットのインナーとしても着こなせます。ヒーターが取り外せるのでお洗濯可能です。小さくたたんで持ち運びに便利です。","ヒーターベストフルフラン　ネイビーチェック　３Ｌ",,,"4573456981637",,"MRO"
"6300021192","6300021192","S115841770","6300021192","室谷","ブランケットにヒーターが付いているのでぽかぽかです。オフィスや自宅、アウトドアまでいつでも暖かです。ヒーターが取り外せるのでお洗濯可能です。小さくたたんで持ち運びに便利です。","ヒーターブランケット　ノルディックブルー",,,"4573456981811",,"MRO"
"6300021193","6300021193","S115841770","6300021193","室谷","ブランケットにヒーターが付いているのでぽかぽかです。オフィスや自宅、アウトドアまでいつでも暖かです。ヒーターが取り外せるのでお洗濯可能です。小さくたたんで持ち運びに便利です。","ヒーターブランケット　ノルディックピンク",,,"4573456981804",,"MRO"
"6300021194","6300021194","S115841770","6300021194","室谷","ブランケットにヒーターが付いているのでぽかぽかです。オフィスや自宅、アウトドアまでいつでも暖かです。ヒーターが取り外せるのでお洗濯可能です。小さくたたんで持ち運びに便利です。","ヒーターブランケット　チェック",,,"4573456981828",,"MRO"
"6300021195","6300021195","S115841770","6300021195","室谷","ブランケットにヒーターが付いているのでぽかぽかです。オフィスや自宅、アウトドアまでいつでも暖かです。ヒーターが取り外せるのでお洗濯可能です。小さくたたんで持ち運びに便利です。","ヒーターブランケット　ブルー",,,"4573456981798",,"MRO"
"6300021196","6300021196","S115841770","6300021196","室谷","ブランケットにヒーターが付いているのでぽかぽかです。オフィスや自宅、アウトドアまでいつでも暖かです。ヒーターが取り外せるのでお洗濯可能です。小さくたたんで持ち運びに便利です。","ヒーターブランケット　ピンクうさぎ",,,"4573456981842",,"MRO"
"6300021197","6300021197","S115841770","6300021197","室谷","ブランケットにヒーターが付いているのでぽかぽかです。オフィスや自宅、アウトドアまでいつでも暖かです。ヒーターが取り外せるのでお洗濯可能です。小さくたたんで持ち運びに便利です。","ヒーターブランケット　グレーうさぎ",,,"4573456981835",,"MRO"
